CC(=O)NC(=O)C(C)(C)[C@@H]1c2ccc(-c3ccc(C(=O)N(C)C)cc3)nc2Oc2c(F)cccc21,-1.841359470454855
C#C[C@]1(O)CC[C@H]2[C@@H]3CCC4=CC(=O)CCC4=C3[C@@H](c3ccc(N(C)CCOCCO[C@H]4CC[C@]5(C)[C@H]6C[C@H](O)[C@@]7(C)[C@@H](CC[C@@H]7[C@H](C)CCC(=O)O)[C@@H]6[C@H](O)C[C@@H]5C4)cc3)C[C@@]21C,0.1972262747080243
C=CCC1Oc2cccc(OCc3ccccc3)c2-c2ccc3c(c21)C(C)=CC(C)(C)N3,-3.778151250383644
COc1cccc2c1-c1ccc3c(c1C(C1CCCCC1)O2)C(C)=CC(C)(C)N3,-0.99563519459755
O=C(c1nccs1)[C@]12Cc3cnn(-c4ccc(F)cc4)c3C=C1CCN(S(=O)(=O)c1cccc(C(F)(F)F)c1)C2,-0.9415114326344032
N#Cc1ccccc1S(=O)(=O)N1CCC2=CC(=O)CCC2(Cc2ccccc2)C1,-3.0
Cc1cc(-c2cccc3cc[nH]c23)c(Cl)c2c1NC(C)(C)C(O)C2(C)C,-1.2041199826559248
Cc1cnn(C)c1-c1cc2c(c3c1CCC3)NC(C)(C)C(=O)C2(C)C,-1.4471580313422192
C#C[C@]1(O)CC[C@H]2[C@@H]3CCC4=CC(=O)CCC4=C3[C@@H](c3ccc(N(C)CCC[C@@]4(O)CC[C@]5(C)[C@H]6C[C@H](O)[C@@]7(C)[C@@H](CC[C@@H]7[C@H](C)CCC(=O)O)[C@@H]6[C@H](O)C[C@@H]5C4)cc3)C[C@@]21C,-0.3434085938038573
CC(C)Oc1ccc(-c2ccc3c(n2)Oc2ccccc2[C@@H]3C(C)(C)C(=O)Nc2nncs2)cc1F,-0.5910646070264992
C=CCC1Oc2cccc(C(=O)OC)c2-c2ccc3c(c21)C(C)=CC(C)(C)N3,-2.6020599913279625
CN(C)C(=O)c1ccc(-c2ccc3c(c2)Oc2ccccc2C3C(C)(C)C(=O)Nc2nncs2)nc1,-0.6127838567197355
CCO/N=C1/c2c(cc(F)c(-c3cccc4c(C)c[nH]c34)c2F)NC(C)(C)C1O,0.2218487496163563
Cc1noc(C)c1-c1ccc2c(c1)C(C)(C)C(=O)C(C)(C)N2,-1.2041199826559248
CCN1CCOc2cc3[nH]c(=O)cc(C(F)(F)F)c3cc21,-3.9084850188786495
CNC(=O)c1cccc(CC[C@]2(O)CCC3=Cc4c(cnn4-c4ccc(F)cc4)C[C@@]32C)c1,-1.1760912590556811
COc1ccccc1/C=C1\Oc2ccc(F)cc2-c2ccc3c(c21)C(C)=CC(C)(C)N3,-2.4424797690644486
CC(C)(C(=O)NC(N)=O)[C@@H]1c2ccc(-c3ccc(C(=O)N4CC[C@H](F)C4)cc3)nc2Oc2c(F)cccc21,-0.0791812460476248
C=C1CCC(C)(C)C1Cc1cc(OC)c(Br)cc1O,-3.656289901191359
C[C@]12C[C@H](c3ccc(P(=O)(c4ccccc4)c4ccccc4)cc3)C3=C4CCC(=O)C=C4CC[C@H]3[C@@H]1CC[C@@]2(O)c1ccccc1,-1.3010299956639813
CC#C[C@]1(O)CC[C@H]2[C@@H]3CCC4=CC(=O)CCC4=C3[C@@H](c3ccc(P(=O)(OCC)OCC)cc3)C[C@@]21C,-0.9542425094393248
CC(=O)Nc1ccc(C2CCN(c3[nH]c(=O)[nH]c(=O)c3Cc3ccccc3)CC2)cc1,-1.662757831681574
C[C@@](O)(c1nccs1)[C@H]1CCCC2=Cc3c(-c4ccc(F)cc4)ncn3C[C@@]21C,-0.4771212547196624
CNC(=O)C[C@H]1COc2cc(F)c(OC(C)C)cc2N1C(=O)c1ccc2c(c1)NC(=O)CO2,-1.899984562549391
C#C[C@]1(O)CC[C@H]2[C@@H]3CCC4=CC(=O)CCC4=C3[C@@H](c3ccc(N(C)CCOC4CC[C@]5(C)[C@H]6C[C@H](O)[C@@]7(C)[C@@H](CC[C@@H]7[C@H](C)CCC(=O)O)[C@@H]6CC[C@@H]5C4)cc3)C[C@@]21C,0.5686362358410126
C[C@@](O)(CCc1ccccc1)[C@H]1CCCC2=Cc3c(-c4ccc(F)cc4)ncn3C[C@@]21C,-1.6720978579357175
CC(C)Oc1ccc(-c2ccc3c(n2)Oc2c(F)cccc2[C@@H]3C(C)(C)C(=O)NC(N)=O)cn1,0.1549019599857432
CC(C)CCN1C[C@@H]2C[C@H]3[C@@H]4C[C@H](F)C5=CC(=O)C=C[C@]5(C)[C@@]4(F)[C@@H](O)C[C@]3(C)[C@]2(C(=O)CO)C1,-0.2787536009528289
C=CCOc1cccc2c1-c1ccc3c(c1C(CC=C)O2)C(C)=CC(C)(C)N3,-1.944482672150169
CC1=CC(C)(C)Nc2ccc3c(c21)C(c1cccc(Cl)c1)Oc1ccc(F)cc1-3,-2.123851640967086
CC(C)(C(=O)Nc1nncs1)C(c1ccccc1)c1ccn2c(-c3ccccc3)ncc2c1,-0.4771212547196624
COc1cccc2c1-c1ccc3c(c1C(c1cccc(OCSC)c1)O2)C(C)=CC(C)(C)N3,-0.6020599913279624
COc1c(O)ccc2c1-c1ccc3c(c1/C(=C/c1cccc(-c4ccccc4)c1)O2)C(C)=CC(C)(C)N3,-0.8573324964312685
CC(C)(C(=O)Nc1nncs1)C(c1ccccc1)c1ccc2c(cnn2-c2ccc(O)cc2)c1,-0.8573324964312685
C[C@H]1c2c(cc(F)c(-c3cccc4c(Cl)c[nH]c34)c2F)NC(C)(C)[C@@H]1OC(=O)NCc1ccccc1,-0.8325089127062363
CN(C)C(=O)NC(=O)C(C)(C)[C@@H]1c2ccc(-c3ccc(C(=O)N4CCOCC4)cc3)nc2Oc2c(F)cccc21,-2.04336227802113
C[C@H]1c2cc(-c3cccc4cc[nH]c34)c(F)c(F)c2NC(C)(C)[C@@H]1O,-0.380211241711606
C=CCC1Oc2ccc(Cl)c(OC)c2-c2ccc3c(c21)C(C)=CC(C)(C)N3,-0.7339992865383869
CC(C)(CNC(=O)C(F)(F)F)[C@@H](c1ccccc1)c1ccc2c(cnn2-c2ccc(F)cc2)c1,-0.2405492482825997
CC(=O)c1ccc(-c2ccc3c(n2)Oc2ccccc2[C@@H]3C(C)(C)C(=O)Nc2nncs2)cc1F,-0.7781512503836436
C#C[C@]1(O)CC[C@H]2[C@@H]3CCC4=Cc5oncc5C[C@]4(C)[C@H]3CC[C@@]21C,-3.292477593667784
CC(C)C[C@@](C)(O)[C@H]1CCCC2=Cc3c(-c4ccc(F)cc4)ncn3C[C@@]21C,-0.9542425094393248
CS(=O)(=O)C[C@H]1COc2cc(F)ccc2N1C(=O)c1ccc2c(c1)NC(=O)CO2,-1.299942900022767
COc1cccc2c1-c1ccc3c(c1C(c1ccccc1)O2)C(C)=CC(C)(C)N3,-0.5314789170422551
C=C1C=C(C)CC(C)(C)C1Sc1ccc([N+](=O)[O-])cc1,-3.914607567771081
Oc1ccc2c(c1)CC[C@@H]1C[C@@](O)(C#CCl)CC[C@@]21Cc1ccccc1,1.0
CC(C)(C(=O)Nc1nncs1)[C@@H](c1ccccc1)c1ccc(O)c(Br)c1,0.3979400086720376
CNC(=O)NC(=O)C(C)(C)[C@@H]1c2ccc(-c3ccc(C(=O)N4CCOCC4)cc3)nc2Oc2c(F)cccc21,-0.8388490907372553
CC(C)(C(=O)Nc1nccs1)C(c1ccccc1)c1ccn2cncc2c1,-1.255272505103306
CC(=O)NC(=O)C(C)(C)[C@@H]1c2ccc(-c3ccc(C(=O)N4CCOCC4)cc3)nc2Oc2c(F)cccc21,-0.7708520116421442
Cc1noc(C)c1-c1cc2c(c3c1CCC3)NC(C)(C)C(=O)C2(C)C,-1.1760912590556811
CCO/N=C/c1c(-c2cccc3cc[nH]c23)cc(C)c2c1[C@H](C)[C@@H](O)C(C)(C)N2,-0.1760912590556812
O=c1cc(C(F)(F)F)c2cc3c(cc2[nH]1)OCCN3CC1CC1,-3.9444826721501687
Cc1ccnc(C(=O)[C@]23Cc4cnn(-c5ccc(F)cc5)c4C=C2CCN(S(=O)(=O)c2cccc(C(F)(F)F)c2)C3)c1,-0.4240645254174878
CC(=O)OCC(=O)[C@@]1(O)CC[C@H]2[C@@H]3CCC4=CC(=O)CC[C@]4(C)[C@@]3(F)[C@@H](O)C[C@@]21C,-0.9662825621674632
C=CCC1Oc2cccc(NC)c2-c2ccc3c(c21)C(C)=CC(C)(C)N3,-0.8450980400142568
COc1ccc(F)cc1-c1c[nH]c2c(NC(C)=O)cccc12,-2.815577748324267
O=c1cc(C(F)(F)F)c2cc3c(cc2[nH]1)OCCN3CC(F)(F)F,-3.963787827345555
Cc1cc(-c2cccc3cc[nH]c23)c(Cl)c2c1NC(C)(C)C(C)(C)C2=O,-2.6190933306267428
C[C@@]12C(=Cc3c(cnn3-c3ccc(F)cc3)C1O)CC[C@@]2(O)CCc1ccc(F)cc1C(N)=O,-1.7634279935629371
C=C1C=CCC(C)(C)C1Cc1cc(OC)c(Br)cc1O,-3.44420098886416
CCC1Oc2cccc(OC)c2-c2ccc3c(c21)C(C)=CC(C)(C)N3,-1.146128035678238
CC1(C)Nc2c(cc(-c3cccc4nccn34)c3c2CCC3)C(C)(C)C1=O,-1.041392685158225
Clc1ccccc1C(c1ccccc1)(c1ccccc1)n1ccnc1,-3.170555058521209
C=CCC1Oc2cccc(O)c2-c2ccc3c(c21)C(C)=CC(C)(C)N3,-1.4409090820652175
CC(C)(C(=O)Nc1nncs1)C(c1ccccc1)c1ccc2c(-c3cccc(CO)c3)ncn2c1,-0.6989700043360189
CN(C)c1ccc(CC23CCC(=O)C=C2CCN(S(=O)(=O)c2ccc(C(C)(C)C)cc2)C3)cc1,-1.1760912590556811
CC(C)n1cc(-c2ccc(C#N)cc2)c2ccc(NS(C)(=O)=O)cc21,-3.184691430817599
Cc1cc2cccc(-c3cc(C)c4c(c3Cl)C(C)CC(C)(C)N4)c2[nH]1,-1.9542425094393248
NS(=O)(=O)C[C@H]1COc2cc(F)ccc2N1C(=O)c1ccc2c(c1)NC(=O)CO2,-2.400002345927956
COc1c(O)ccc2c1-c1ccc3c(c1/C(=C/c1ccc(-c4ccccc4)cc1)O2)C(C)=CC(C)(C)N3,-0.6434526764861874
CC(C)(C(=O)Nc1nncs1)C(Cc1ccccc1)c1ccc2c(cnn2-c2ccc(F)cc2)c1,-0.041392685158225
COC[C@]12Cc3cnn(-c4ccc(F)cc4)c3C=C1CCN(S(=O)(=O)c1ccc(C)cc1)C2,-0.4913616938342727
CNC(=O)C[C@H]1COc2cc(F)c(CC(C)C)cc2N1C(=O)c1ccnc(NC(N)=O)c1,-2.099991233544684
CS(=O)(=O)c1ccc(S(=O)(=O)N2CCC3=CC(=O)CCC3(Cc3ccccc3)C2)cc1,-2.1367205671564067
Cc1c(F)c(-c2cccc3cc[nH]c23)cc2c1NC(C)(C)[C@H](O)[C@H]2C,0.0457574905606751
Cc1c[nH]c2c(-c3c(F)cc4c(c3F)/C(=N/OC(C)(C)C)CC(C)(C)N4)cccc12,-0.3424226808222063
CC(C)(C)c1ccc(S(=O)(=O)N2CCC3=CC(=O)CCC3(Cc3ccc(F)cc3)C2)cc1,-0.6989700043360189
CC(=O)[C@H]1[C@H](C#N)C[C@H]2[C@@H]3CC=C4C[C@@H](O)CC[C@]4(C)[C@H]3CC[C@@]21C,-3.8023631743095474
O=C1C=C2CCN(S(=O)(=O)c3ccccc3C(F)(F)F)CC2(Cc2ccccc2)CC1,-3.648360010980931
Cc1cc(-c2cccc3cc[nH]c23)c(/C=N/OCc2ccccc2)c2c1NC(C)(C)[C@H](O)[C@H]2C,-0.5440680443502757
S=C=Nc1cccc2ccccc12,-3.8451600776519457
COc1c(O)ccc2c1-c1ccc3c(c1/C(=C/c1sccc1C(=O)N1CCCCC1)O2)C(C)=CC(C)(C)N3,-0.146128035678238
Cn1nncc1S(=O)(=O)N1CCC2=Cc3c(cnn3-c3ccc(F)cc3)C[C@]2(C(=O)c2cc(C(F)(F)F)ccn2)C1,-1.4913616938342726
C[C@@](O)(c1cccc(C#N)c1)[C@H]1CCCC2=Cc3c(-c4ccc(F)cc4)ncn3C[C@@]21C,-0.0
O=S(=O)(c1ccc(N2CCOCC2)cc1)N1CCC2=Cc3c(cnn3-c3ccc(F)cc3)CC2(Cc2ccc(F)cc2)C1,-0.7888751157754168
CC(C)C[C@@H](c1ccc2c(cnn2-c2ccc(F)cc2)c1)C(C)(C)CNC(=O)NC(C)(C)C,-0.5563025007672873
C[C@H]1c2c(cc(F)c(-c3cccc4cc[nH]c34)c2F)NC(C)(C)[C@@H]1OC(=O)Nc1ccccc1,-0.7923916894982539
CCC1COc2cc3[nH]c(=O)cc(C(F)(F)F)c3cc2N1CC(F)(F)F,-3.812913356642856
CC(C)(C(=O)Nc1nncs1)[C@@H]1c2ccc(-c3ccc(C(=O)N4CCOCC4)cc3)nc2Oc2c(F)cccc21,-0.2041199826559248
C[C@]12C[C@H](O)[C@@]3(F)[C@@H](C[C@H](F)C4=CC(=O)C=C[C@@]43C)[C@@H]1C[C@H]1CN(Cc3cc4ccccc4s3)C[C@]12C(=O)CO,0.2441251443275086
Cc1ccnc(C(=O)[C@]23Cc4cnn(-c5ccc(F)cc5)c4C=C2CCN(S(=O)(=O)c2ccc(F)c(F)c2)C3)c1,-0.4653828514484183
COc1c(O)ccc2c1-c1ccc3c(c1/C(=C/c1ccc(F)cc1/C=N/O)O2)C(C)=CC(C)(C)N3,-0.1760912590556812
C=C1C(C)CCC(C)(C)[C@@H]1Cc1cc(OC)c(Br)cc1OC(C)=O,-3.613736141261872
Cc1c(N[C@@H]2CCC[C@]2(C)O)ccc(C#N)c1Cl,-2.6646419755561257
CN(C)c1ccc([C@H]2C[C@]3(C)[C@@H](CC[C@]3(O)CCCO)[C@@H]3CCC4=CC(=O)CCC4=C32)cc1,-1.6211762817750353
C[C@](O)([C@H]1CCCC2=Cc3c(-c4ccc(F)cc4)ncn3C[C@@]21C)C(F)(F)F,-0.7160033436347992
CC(C)(C(=O)Nc1nncs1)C(c1ccccc1)c1ccc2c(cnn2-c2ccncc2)c1,-0.2787536009528289
O=S(=O)(c1ccccc1)N1CCC2=Cc3c(cnn3-c3ccc(F)cc3)C[C@]2(CN2CCCC2)C1,-0.505149978319906
C[C@@](O)(Cc1ccc(F)cc1)[C@H]1CCCC2=Cc3c(-c4ccc(F)cc4)ncn3C[C@@]21C,-1.041392685158225
CCn1cc(-c2ccc(C#N)cc2)c2ccc(NS(C)(=O)=O)cc21,-2.967079734144497
CC(=O)c1ccc(-c2ccc3c(n2)Oc2ccccc2[C@@H]3C(C)(C)C(=O)Nc2nncs2)cc1,-0.4623979978989561
CC1=CC(C)(C)Nc2ccc3c(c21)/C(=C/c1cccc(F)c1)Oc1ccccc1-3,-2.255272505103306
CC1=CC(C)(C)Nc2ccc3c(c21)C(c1ccccc1)Oc1ccccc1-3,-2.187520720836463
Cc1cnc(C(=O)[C@]23Cc4cnn(-c5ccc(F)cc5)c4C=C2CCN(S(=O)(=O)c2ccc(F)c(F)c2)C3)s1,-0.6384892569546374
CC1(C(=O)Nc2ccc([N+](=O)[O-])cc2O)CC2c3ccccc3C1c1ccccc12,-2.197831693328903
CC(C)(C(=O)Nc1nncs1)C(c1ccccc1)c1ccc2c(cnn2-c2ccc(Cl)cc2)c1,-1.255272505103306
CCCCC1Oc2ccc(OC)cc2-c2ccc3c(c21)C(C)=CC(C)(C)N3,-2.113943352306837
C=C1C(C)=CCC(C)(C)[C@@H]1Cc1cc(OC)c(Br)cc1OC(C)=O,-3.613736141261872
CC/C(=C1\c2ccccc2OCc2cccc(OC)c21)c1cccc(NS(C)(=O)=O)c1,0.5718652059712112
C[C@@H]1C[C@H]2[C@@H]3CCC4=CC(=O)C=C[C@]4(C)[C@@]3(F)[C@@H](O)C[C@]2(C)[C@H]1C(=O)CO,-0.0678145111618401
C[C@@H]1C[C@H]2[C@@H]3C[C@H](F)C4=CC(=O)C=C[C@]4(C)[C@@]3(F)[C@@H](O)C[C@]2(C)[C@@]1(OC(=O)c1ccco1)C(=O)SCF,0.2924298239020636
C[C@]12CC[C@@H]3c4ccc(OC(=O)c5ccccc5)cc4CC[C@H]3[C@@H]1CC[C@@H]2O,-3.36285930295868
C[C@]1(O)CC[C@H]2[C@@H]3CCC4=CC(=O)CC[C@]4(C)[C@H]3CC[C@@]21C,-2.9232440186302764
CSc1ccccc1/C=C1\Oc2ccc(F)cc2-c2ccc3c(c21)C(C)=CC(C)(C)N3,-2.586587304671755
C=CCC1Oc2ccc(C(=O)OC)c(OC)c2-c2ccc3c(c21)C(C)=CC(C)(C)N3,-0.4471580313422192
C=CCC1Oc2ccc(OCC)c(OC)c2-c2ccc3c(c21)C(C)=CC(C)(C)N3,-2.6875289612146345
COc1c(O)ccc2c1-c1ccc3c(c1/C(=C/c1ccc(F)cc1C(=O)N1CCCCC1)O2)C(C)=CC(C)(C)N3,0.0457574905606751
O=C(c1nccs1)[C@]12Cc3cnn(-c4ccc(F)cc4)c3C=C1CCN(S(=O)(=O)c1ccc(C(F)(F)F)cc1)C2,-0.9597566729909952
CC(C)(C(=O)Nc1nncs1)C(c1ccccc1)c1ccc2c(cnn2C2CCCCCC2)c1,-1.0791812460476249
CC(C)(C(=O)Nc1nncs1)C(c1ccccc1)c1ccc2c(cnn2-c2ccc(Br)cc2)c1,-1.462397997898956
COc1c(O)ccc2c1-c1ccc3c(c1/C(=C/c1cccc(C(F)(F)F)c1C)O2)C(C)=CC(C)(C)N3,-0.414973347970818
CC(C)(C(=O)Nc1nncs1)[C@H]1c2ccccc2Oc2nc(-c3ccc(C(N)=O)cc3)ccc21,-0.3979400086720376
CC(C)(C(=O)Nc1nncs1)C(c1ccccc1)c1ccc2c(c1)C=NC2CCCO,-1.230448921378274
COc1c(O)ccc2c1-c1ccc3c(c1/C(=C/c1cc(F)cc4c1OCOC4)O2)C(C)=CC(C)(C)N3,0.0457574905606751
Cc1cccc(Cc2c(=O)[nH]c(=O)[nH]c2[C@H]2CC[C@@H](c3ccccc3)CC2)c1,-1.0791812460476249
CC(C)(C(=O)Nc1nccs1)C(c1ccccc1)c1ccc2cnccc2c1,-1.1760912590556811
COCCOC[C@]12Cc3cnn(-c4ccc(F)cc4)c3C=C1CCN(S(=O)(=O)c1ccc(F)cc1)C2,-0.4623979978989561
Cc1ccccc1[C@@](C)(O)[C@H]1CCCC2=Cc3c(-c4ccc(F)cc4)ncn3C[C@@]21C,-0.3010299956639812
CC1(C)C/C(=N\O)c2c(cc(F)c(-c3cccc4cc[nH]c34)c2F)N1,-2.568201724066995
C=CCC1Oc2ccc(F)c(OC)c2-c2ccc3c(c21)C(C)=CC(C)(C)N3,-0.5797835966168101
CC(=O)OCC(=O)[C@@]1(O)CC[C@H]2[C@@H]3CCC4=CC(=O)CC[C@]4(C)[C@H]3C(=O)C[C@@]21C,-3.249931756634195
COCCOC[C@]12Cc3cnn(-c4ccc(F)cc4)c3C=C1CCN(S(=O)(=O)c1ccc(C(C)(C)C)cc1)C2,0.1870866433571444
CC(C)(C(=O)Nc1nccs1)C(c1ccccc1)c1ccc2c(-c3ccc(C#N)cc3)ncn2c1,-0.6020599913279624
Cc1cc(-c2cccc3cc[nH]c23)c(Cl)c2c1NC(C)(C)C(=O)C2(C)C,-0.6532125137753437
Cc1cc(-c2cccc3c(C)c[nH]c23)c(Cl)c2c1NC(C)(C)CC2C,-1.041392685158225
CC(=O)c1cc([C@H](c2ccccc2)C(C)(C)C(=O)Nc2nccs2)ccc1O,-0.8633228601204559
COc1ccc(NC(=O)O[C@@H]2[C@@H](C)c3c(cc(F)c(-c4cccc5cc[nH]c45)c3F)NC2(C)C)cc1Cl,-1.0644579892269186
Cc1nc(NC(=O)C2(C)CC3c4ccccc4C2c2ccccc23)sc1C,-1.354108439147401
CO/N=C1/c2c(cc(F)c(-c3cccc4c(C)c[nH]c34)c2F)NC(C)(C)C1O,-0.5797835966168101
CC(=O)[C@H]1CC[C@H]2[C@@H]3CCC4=CC(=O)CC[C@]4(C)[C@H]3CC[C@]12C,-1.484299839346786
CN(C)C[C@]12Cc3cnn(-c4ccc(F)cc4)c3C=C1CCN(S(=O)(=O)c1ccccc1)C2,-0.7442929831226762
C=CCC1Oc2cccc(C#N)c2-c2ccc3c(c21)C(C)=CC(C)(C)N3,-0.9684829485539352
CN(C)c1ccc(S(=O)(=O)N2CCC3=CC(=O)CCC3(Cc3ccccc3)C2)cc1,-2.05307844348342
CC1(C)Nc2c(cc(-c3cncc4nccn34)c3c2CCC3)C(C)(C)C1=O,-1.662757831681574
CS(=O)(=O)Nc1cccc2c(-c3ccc(F)cc3)c[nH]c12,-1.9758911364017928
C[C@H]1CCc2cc(F)ccc2N1C(=O)c1ccc2c(c1)NC(=O)CO2,-3.299999496116984
CC(C)(C(=O)Nc1nccs1)C(c1ccccc1)c1ccc2c(-c3ccc(F)cc3F)ncn2c1,-0.3010299956639812
COc1cc2c(cc1-c1c(C)noc1C)C(C)(C)C(=O)C(C)(C)N2,-2.164352855784437
O=C1C=C2CCN(S(=O)(=O)c3ccc(Oc4ccccc4)cc3)CC2(Cc2ccccc2)CC1,-2.2121876044039577
CC(C)(C(=O)Nc1nncs1)[C@H]1c2ccccc2Oc2nc(-c3ccc(C(=O)N4CCOCC4)cc3)ccc21,-0.414973347970818
CCCCC1Oc2ccc(F)cc2-c2ccc3c(c21)C(C)=CC(C)(C)N3,-2.7267272090265724
CC(=O)OCC(=O)[C@@]12OC(C)(C)O[C@@H]1C[C@H]1[C@@H]3C[C@H](F)C4=CC(=O)C=C[C@]4(C)[C@@]3(F)[C@@H](O)C[C@@]12C,-0.3787611753163732
C[C@H]1c2c(cc(F)c(-c3cccc4c(Cl)c[nH]c34)c2F)NC(C)(C)[C@@H]1OC(=O)Nc1ccc(C#N)cc1,-1.136720567156407
CCC(=O)O[C@]1(C(=O)CCl)[C@@H](C)C[C@H]2[C@@H]3CCC4=CC(=O)C=C[C@]4(C)[C@@]3(F)[C@@H](O)C[C@@]21C,0.1791420105603
COc1ccc2cc[nH]c2c1-c1cc(C)c2c(c1Cl)C(C)CC(C)(C)N2,-0.1760912590556812
CCc1ccc(/C=C2\Oc3ccc(O)c(OC)c3-c3ccc4c(c32)C(C)=CC(C)(C)N4)cc1,-0.2787536009528289
CC(C)(C(=O)NC(N)=O)[C@@H]1c2ccc(-c3ccc(C(=O)N4CCOCC4)cc3)nc2Oc2c(F)cccc21,-0.3222192947339193
CC(C)(C(=O)Nc1nncs1)C(c1ccccc1)c1ccc2c(-c3ccc(F)cc3)ncn2c1,-0.5642714304385625
Cn1c(=O)[nH]c(N2CCC(O)(Cc3ccccc3)CC2)c(Cc2ccccc2)c1=O,-2.5563025007672877
C=C1C[C@H](CO)CC(C)(C)[C@@H]1Cc1cc(OC)c(Br)cc1O,-3.805228914203426
Cc1cc(-c2cccc3cc[nH]c23)c(F)c2c1NC(C)(C)[C@H](O)[C@H]2C,-0.3617278360175928
CC(C)(C)c1ccc(S(=O)(=O)N2CCC3=Cc4c(cnn4-c4ccc(F)cc4)CC3(Cc3ccc(F)cc3)C2)cc1,-0.8836614351536176
C#CCC1Oc2cccc(OC)c2-c2ccc3c(c21)C(C)=CC(C)(C)N3,-0.4313637641589873
Cn1cc(S(=O)(=O)N2CC[C@H]3Cc4c(cnn4-c4ccc(F)cc4)C[C@]3(C(=O)c3cc(C(F)(F)F)ccn3)C2)cn1,-1.5314789170422551
COc1c(O)ccc2c1-c1ccc3c(c1/C(=C/c1cccc(-c4ccsc4)c1)O2)C(C)=CC(C)(C)N3,-0.4913616938342727
Fc1ccc(CC23Cc4cnn(-c5ccc(F)cc5)c4C=C2CCN(Cc2cccnc2)C3)cc1,-1.3424226808222062
COc1cccc(CC23CCC(=O)C=C2CCN(S(=O)(=O)c2ccc(C(C)(C)C)cc2)C3)c1,-1.8808135922807911
C=C1C=C(C)CC(C)(C)C1Cc1cc(OC)c(Br)cc1O,-3.1007150865730817
COc1cc(F)ccc1-c1c(Cc2ccccc2)[nH]c2c(NS(C)(=O)=O)cc(C(C)C)cc12,0.265200170411153
CC1=CC(C)(C)Nc2ccc3c(c21)C(c1ccc(C)c(F)c1)Oc1ccccc1-3,-1.7781512503836436
CC1=CC(C)(C)Nc2ccc3c(c21)C(c1cccc(Br)c1)Oc1ccccc1-3,-1.5314789170422551
CC1(C)Nc2c(cc(-c3ccnc4ncccc34)c3c2CCC3)C(C)(C)C1=O,-1.5440680443502757
Cc1cc(-c2ccc(Cl)c3cc[nH]c23)c(Cl)c2c1NC(C)(C)CC2C,-2.1172712956557644
CC(C)(C)c1ccc(S(=O)(=O)N2CCC3=Cc4c(cnn4-c4ccc(F)cc4)C[C@]3(CN3CCOCC3)C2)cc1,-0.6020599913279624
CC1=CC(C)(C)Nc2ccc3c(c21)/C(=C/c1ccsc1)Oc1ccc(F)cc1-3,-1.9242792860618816
O=C1COc2ccc(C(=O)N3c4cc(CC5CCCCC5)c(F)cc4OC[C@@H]3CCO)cc2N1,-2.300008202553813
C[C@@](O)(c1ccsc1)[C@H]1CCCC2=Cc3c(cnn3-c3ccc(F)cc3)C[C@@]21C,0.0969100130080563
Cc1cccc(S(=O)(=O)N2CCC3=Cc4c(cnn4-c4ccc(F)cc4)C[C@]3(C(=O)c3ccccn3)C2)c1,-0.5403294747908738
CNC(=O)C[C@H]1COc2cc(F)c(CC(C)C)cc2N1C(=O)c1ccc2c(c1)NC(=O)CO2,-0.899984562549391
COc1c(O)ccc2c1-c1ccc3c(c1/C(=C/c1cccc(C)c1F)O2)C(C)=CC(C)(C)N3,-0.380211241711606
COc1cccc(-n2ncc3cc(C(c4ccccc4)C(C)(C)C(=O)Nc4nncs4)ccc32)c1,-1.5563025007672873
CC1=CC(C)(C)Nc2ccc3c(c21)C(c1cccc(C(F)(F)F)c1)Oc1ccccc1-3,-1.6434526764861874
CC(C)(C)c1ccc(S(=O)(=O)N2CCC3=CC(=O)CCC3(Cc3ccc(N4CCCCC4)cc3)C2)cc1,-0.9542425094393248
CC(C)(C(=O)Nc1nncs1)C(c1ccccc1)c1ccc2c(cnn2-c2ccccn2)c1,-0.9084850188786496
Cc1c2c(cc(-c3cccc4cc[nH]c34)c1C(F)(F)F)[C@H](C)[C@@H](O)C(C)(C)N2,-2.0253058652647704
CS(=O)(=O)N1CCC2=Cc3c(cnn3-c3ccc(F)cc3)CC2(Cc2ccc(F)cc2)C1,-1.1139433523068367
C[C@@](O)(c1ccncc1)[C@H]1CCCC2=Cc3c(-c4ccc(F)cc4)ncn3C[C@@]21C,-0.3010299956639812
CS(=O)(=O)c1ccccc1Cc1c(=O)[nH]c(=O)[nH]c1[C@H]1CC[C@@H](c2ccccc2)CC1,-2.745855195173729
O=c1[nH]c(N2CCC(c3ccccc3)C2)c(Cc2ccccc2)c(=O)[nH]1,-1.6720978579357175
CC(=O)OCC(=O)[C@@]1(OC(C)=O)[C@@H](C)C[C@H]2[C@@H]3C[C@H](F)C4=CC(=O)C=C[C@]4(C)[C@@]3(F)[C@@H](O)C[C@@]21C,-0.4634450317704277
CC(=O)[C@@]12CN(Cc3cccc(Cl)c3)C[C@@H]1C[C@H]1[C@@H]3C[C@H](F)C4=CC(=O)C=C[C@]4(C)[C@@]3(F)[C@@H](O)C[C@@]12C,0.2441251443275086
CCn1cc(S(=O)(=O)N2CCC3=Cc4c(cnn4-c4ccc(F)cc4)C[C@]3(C(=O)c3cc(C(F)(F)F)ccn3)C2)cn1,-0.6627578316815741
CC(C)(CNS(C)(=O)=O)[C@@H](c1ccccc1)c1ccc2c(cnn2-c2ccc(F)cc2)c1,0.2757241303992109
C[C@]12Cc3cnn(-c4ccc(F)cc4)c3C=C1CCN(S(=O)(=O)c1ccccc1F)C2,-1.5314789170422551
CC(C)(C(=O)Nc1nncs1)C(c1ccccc1)c1ccc2c(-c3ccc(F)c(Cl)c3)ncn2c1,-0.6989700043360189
C[C@@](O)(c1cccs1)[C@H]1CCCC2=Cc3c(-c4ccc(F)cc4)ncn3C[C@@]21C,-0.3010299956639812
C[C@@](O)(c1ccccc1)[C@H]1CCCC2=Cc3c(-c4ccc(F)cc4)ncn3C[C@@]21C,-0.0
C=CCOc1ccc2c(c1OC)-c1ccc3c(c1C(CC=C)O2)C(C)=CC(C)(C)N3,-1.0791812460476249
Cc1cc(-c2cn(C(C)C)c3cc(NS(C)(=O)=O)ccc23)ccc1C#N,-2.1958996524092336
CCOC[C@]12Cc3cnn(-c4ccc(F)cc4)c3C=C1CCN(S(=O)(=O)c1ccc(C(F)(F)F)cc1)C2,-0.8325089127062363
COC(=O)[C@@H]1CC2=CC(=O)CC[C@]2(C)C2C1C1CC[C@@]3(CCC(=O)O3)[C@@]1(C)[C@H]1O[C@@H]21,-3.245018870737753
NS(=O)(=O)C[C@H]1COc2cc(F)ccc2N1C(=O)c1ccc2c(c1)NCCO2,-3.100001582801352
Cc1noc(C)c1-c1cc2c(cc1Cl)NC(C)(C)C(=O)C2(C)C,-2.1789769472931693
CC1=CC(C)(C)Nc2ccc3c(c21)C(c1ccc(Cl)c(C)c1)Oc1ccc(F)cc1-3,-2.322219294733919
CCCCC1Oc2cccc(OC)c2-c2ccc3c(c21)C(C)=CC(C)(C)N3,-0.568201724066995
CCn1nccc1S(=O)(=O)N1CCC2=Cc3c(cnn3-c3ccc(F)cc3)C[C@]2(C(=O)c2cc(C(F)(F)F)ccn2)C1,-1.0
CCn1nccc1S(=O)(=O)N1CC[C@H]2Cc3c(cnn3-c3ccc(F)cc3)C[C@]2(C(=O)c2cc(C(F)(F)F)ccn2)C1,-1.8325089127062364
CC1=CC(C)(C)Nc2ccc3c(c21)C(c1cccc(Cl)c1)Oc1ccc(Cl)cc1-3,-0.7993405494535817
CC(C)(C(=O)Nc1nccs1)[C@@H](c1ccccc1)c1ccc(O)c(C#N)c1,0.0457574905606751
N#Cc1cccc(S(=O)(=O)N2CCC3=Cc4c(cnn4-c4ccc(F)cc4)C[C@]3(C(=O)c3cc(C(F)(F)F)ccn3)C2)c1,-0.4082399653118496
CCCS(=O)(=O)NCC(C)(C)[C@@H](c1ccccc1)c1ccc2c(cnn2-c2ccc(F)cc2)c1,-0.1789769472931694
Cc1cc(-c2cccc3cc[nH]c23)cc2c1NC(C)(C)[C@H](O)[C@H]2C,-0.9542425094393248
COc1c(O)ccc2c1-c1ccc3c(c1/C(=C/c1ccc(OC(F)(F)F)cc1)O2)C(C)=CC(C)(C)N3,-0.6334684555795865
C=CCC(O)C1CCCC2=Cc3c(-c4ccc(F)cc4)ncn3CC21C,-0.9294189257142929
C[C@H]1c2c(F)c(-c3cccc4cc[nH]c34)c(F)c(Cl)c2NC(C)(C)[C@@H]1O,-0.0
C[C@]12CC[C@@H]3c4ccc(O)cc4CC[C@H]3[C@@H]1CC[C@@H]2O,-4.274804189634562
CNC(=O)C[C@H]1COc2cc(C(F)(F)F)ccc2N1C(=O)c1ccc2c(c1)NC(=O)CO2,-2.60000308662774
N#Cc1cccc(Cc2c(N3CCC(c4ccccc4)CC3)[nH]c(=O)[nH]c2=O)c1,-1.568201724066995
CC1=CC(C)(C)Nc2ccc3c(c21)C(c1ccc(C)cc1)Oc1ccccc1-3,-1.9030899869919435
CC/C(=C1/c2ccccc2COc2ccccc21)c1cccc(NS(C)(=O)=O)c1,0.8356471442155629
Cc1ccc(S(=O)(=O)N2CCC3=Cc4c(cnn4-c4ccc(F)cc4)C[C@]3(C(=O)c3ccccn3)C2)cc1,-0.3729120029701065
COc1c(O)ccc2c1-c1ccc3c(c1/C(=C/c1ccc(C)cc1)O2)C(C)=CC(C)(C)N3,-0.2787536009528289
C[C@]12C[C@H](O)[C@@]3(F)[C@@H](C[C@H](F)C4=CC(=O)C=C[C@@]43C)[C@@H]1C[C@H]1CN(c3cccc(Cl)c3)C[C@]12C(=O)CO,0.2839966563652008
CN(C)C(=O)c1ccc(-c2ccc3c(c2)Oc2ccccc2C3C(C)(C)C(=O)Nc2nncs2)cc1,-0.9344984512435676
CC1(C)C/C(=N\OC(C)(C)C)c2c(cc(F)c(-c3cccc4cc[nH]c34)c2F)N1,-0.8450980400142568
O=C(O)C[C@H]1COc2cc(Cl)ccc2N1C(=O)c1ccc2c(c1)NC(=O)CO2,-3.6999997975545824
CCO/N=C1\CC(C)(C)Nc2cc(F)c(-c3cccc4cc[nH]c34)c(F)c21,0.3979400086720376
C[C@@](O)(c1ccc(Cl)s1)[C@H]1CCCC2=Cc3c(-c4ccc(F)cc4)ncn3C[C@@]21C,-0.6020599913279624
C[C@H]1c2c(cc(F)c(-c3cccc4cc[nH]c34)c2F)NC(C)(C)[C@@H]1O,-0.3979400086720376
Cn1cc(S(=O)(=O)N2CC[C@H]3Cc4c(cnn4-c4ccc(F)cc4)C[C@]3(C(=O)c3cc(C(F)(F)F)ccn3)C2)nn1,-1.7781512503836436
CC#C[C@]1(O)CC[C@H]2[C@@H]3CCC4=CC(=O)CCC4=C3[C@@H](c3ccc(N(C)CC(=O)N(Cc4ccc(C(=O)O)cc4)c4ccc(Br)cc4)cc3)C[C@@]21C,-1.5185139398778875
CC(C)CCN1C[C@@H]2C[C@H]3[C@@H]4C[C@H](F)C5=CC(=O)C=C[C@]5(C)[C@@]4(F)[C@@H](O)C[C@]3(C)[C@]2(C(=O)SCF)C1,-0.6812412373755872
CC#C[C@]1(O)CC[C@H]2[C@@H]3CCC4=CC(=O)CCC4=C3[C@@H](c3ccc(N(C)CC(=O)Nc4nc(CC(=O)O)cs4)cc3)C[C@@]21C,-1.5185139398778875
CC(C)(CNS(=O)(=O)C1CC1)[C@@H](c1ccccc1)c1ccc2c(cnn2-c2ccc(F)cc2)c1,-0.0606978403536116
Cc1ccc([C@@](C)(O)[C@H]2CCCC3=Cc4c(-c5ccc(F)cc5)ncn4C[C@@]32C)s1,-0.1760912590556812
C=CCC1Oc2cccc(CO)c2-c2ccc3c(c21)C(C)=CC(C)(C)N3,-0.3617278360175928
COc1c(O)ccc2c1-c1ccc3c(c1/C(=C/c1ccccc1Cl)O2)C(C)=CC(C)(C)N3,-1.1760912590556811
CC(C)(C(=O)NC(N)=O)[C@H]1c2ccccc2Oc2nc(-c3ccc(C(=O)N4CCCC4)cc3)ccc21,-0.2787536009528289
Cc1cccc([C@@](C)(O)[C@H]2CCCC3=Cc4c(-c5ccc(F)cc5)ncn4C[C@@]32C)c1,-0.3979400086720376
C[C@]12C[C@H](O)[C@@]3(F)[C@@H](C[C@H](F)C4=CC(=O)C=C[C@@]43C)[C@@H]1C[C@H]1CN(Cc3cccc(Cl)c3)C[C@]12C(=O)CO,0.1191864077192086
CC1=CC(C)(C)Nc2ccc3c(c21)/C(=C/c1ncccc1C)Oc1ccc(F)cc1-3,-2.941511432634403
C[C@]12Cc3cnn(-c4ccc(F)cc4)c3C=C1CCCC2[C@@H](O)c1csc2ccccc12,-0.255272505103306
CNC(=O)O[C@@H]1[C@@H](C)c2c(cc(F)c(-c3cccc4cc[nH]c34)c2F)NC1(C)C,-0.4771212547196624
C#CCOc1ccc2c(c1OC)-c1ccc3c(c1C(CC=C)O2)C(C)=CC(C)(C)N3,-1.1430148002540952
CC(C(=O)Nc1nncs1)[C@@H](c1ccccc1)c1ccc2c(cnn2-c2ccc(F)cc2)c1,0.2716462179787716
COc1c(O)ccc2c1-c1ccc3c(c1/C(=C/c1ccc(F)cc1C(=O)N(C)C)O2)C(C)=CC(C)(C)N3,-0.380211241711606
C=CCC1Oc2ccc(Br)c(OC)c2-c2ccc3c(c21)C(C)=CC(C)(C)N3,-0.7259116322950482
CNC(=O)c1ccc(-c2ccc3c(n2)Oc2ccccc2[C@@H]3C(C)(C)C(=O)Nc2nncs2)cc1,-0.9623693356700213
CC(C)(C)c1ccc(S(=O)(=O)N2CCC3=Cc4c(cnn4-c4ccc(F)cc4)C[C@]3(CN3CCC3)C2)cc1,-0.7923916894982539
O=C(Nc1nccs1)C1(CCO)CC2c3ccccc3C1c1ccccc12,-2.481442628502305
Cc1noc(C)c1-c1cc2c(c3c1OCO3)NC(C)(C)C(=O)C2(C)C,-1.740362689494244
O=c1[nH]c(=O)c(Cc2nccs2)c([C@H]2CC[C@@H](c3ccccc3)CC2)[nH]1,-2.143014800254095
O=S(=O)(N1CCOCC1)N1CCC2=Cc3c(cnn3-c3ccc(F)cc3)CC2(Cc2ccc(F)cc2)C1,-1.414973347970818
CCNC(=O)NC(=O)C(C)(C)[C@@H]1c2ccc(-c3ccc(C(=O)N4CCOCC4)cc3)nc2Oc2c(F)cccc21,-0.7558748556724915
Cn1c(=O)[nH]c(N2CCC(Oc3ccccc3)CC2)c(Cc2ccccc2)c1=O,-1.8920946026904804
CC1=CC(C)(C)Nc2ccc3c(c21)C(c1cc(Cl)cc(Cl)c1)Oc1ccccc1-3,-2.0
CC(C)(C(=O)Nc1nncs1)C(c1ccccc1)c1ccc2c(-c3cccc(C#N)c3)ncn2c1,-0.6020599913279624
C=CCC1(C)C(=O)C(C)(C)Nc2c(C)cc(-c3cccc4cc[nH]c34)c(Cl)c21,-0.5440680443502757
Cc1cc(-c2ccc(F)c3cc[nH]c23)c(Cl)c2c1NC(C)(C)CC2C,-0.1139433523068367
COc1ccc2c(c1)OC(c1ccccc1)c1c-2ccc2c1C(C)=CC(C)(C)N2,-3.255272505103306
CC(=O)[C@@]1(O)CC[C@H]2[C@@H]3CCC4=CC(=O)CC[C@]4(C)[C@H]3CC[C@@]21C,-1.3617278360175928
COc1c(O)ccc2c1-c1ccc3c(c1/C(=C/c1ccccc1F)O2)C(C)=CC(C)(C)N3,0.0969100130080563
C[C@H]1c2c(cc(F)c(-c3cccc4cc[nH]c34)c2F)NC(C)(C)[C@@H]1OC(=O)N1CCCCC1,-2.12057393120585
O=c1[nH]c(=O)c(Cc2ncccn2)c([C@H]2CC[C@@H](c3ccccc3)CC2)[nH]1,-2.6020599913279625
CCOC(=O)C1Oc2cccc(OC)c2-c2ccc3c(c21)C(C)=CC(C)(C)N3,-1.3979400086720375
O=c1[nH]c(=O)c(Cc2cccc(C(F)(F)F)c2)c([C@H]2CC[C@@H](c3ccccc3)CC2)[nH]1,-1.2041199826559248
CC(=O)Nc1ccc(S(=O)(=O)N2CCC3=CC(=O)CCC3(Cc3ccccc3)C2)cc1,-2.8750612633917
Cc1cc(-c2cccc3[nH]ccc23)c(Cl)c2c1NC(C)(C)CC2C,-0.6434526764861874
C=CCC1Oc2c(Br)ccc(OC)c2-c2ccc3c(c21)C(C)=CC(C)(C)N3,-0.6127838567197355
CC(C)(C(=O)Nc1nncs1)[C@H]1c2ccccc2Oc2nc(-c3ccc(C(=O)O)cc3)ccc21,-1.187520720836463
C[C@@](O)(c1ccsc1)[C@H]1CCCC2=Cc3c(-c4ccc(F)cc4)ncn3C[C@@]21C,-0.0
CC(C)(C)c1ccc(S(=O)(=O)N2CCC3=Cc4c(cnn4-c4ccc(F)cc4)C[C@]3(COCCO)C2)cc1,-0.6766936096248666
NC(=O)C[C@H]1CNc2cc(Cl)ccc2N1C(=O)c1ccc2c(c1)NC(=O)CO2,-2.500003068051693
C[C@@H]1C[C@H]2[C@@H]3CCC4=CC(=O)C=C[C@]4(C)[C@@]3(Cl)[C@@H](O)C[C@]2(C)[C@@]1(OC(=O)c1ccco1)C(=O)CCl,0.1549019599857432
CNC(=O)C[C@H]1COc2ccccc2N1C(=O)c1ccc2c(c1)NC(=O)CO2,-3.500000321342936
COc1c(O)ccc2c1-c1ccc3c(c1/C(=C/c1cccc(OC(F)(F)F)c1)O2)C(C)=CC(C)(C)N3,-0.6127838567197355
CC1=CC(C)(C)Nc2ccc3c(c21)C(c1ccc(Br)cc1)Oc1ccccc1-3,-1.8260748027008264
COC(=O)[C@@H]1CC2=CC(=O)CC[C@]2(C)[C@@]23O[C@@H]2C[C@@]2(C)[C@@H](CC[C@@]24CCC(=O)O4)[C@H]13,-3.500000321342936
CC(=O)NCC(C)(C)[C@@H](c1ccccc1)c1ccc2c(cnn2-c2ccc(F)cc2)c1,-0.380211241711606
CC1=CC(C)(C)Nc2ccc3c(c21)C(C)Oc1ccc(Cl)cc1-3,-2.5646660642520893
COc1ccc(/C=C2\Oc3ccc(O)c(OC)c3-c3ccc4c(c32)C(C)=CC(C)(C)N4)cc1,-0.4313637641589873
CC1(C(=O)Nc2nncs2)CC2c3ccccc3C1c1ccccc12,-0.7323937598229685
CC(C)(C)NC(=O)c1ccccc1CC[C@]1(O)CCC2=Cc3c(cnn3-c3ccc(F)cc3)C[C@@]21C,-1.0
CC(CNC(=O)CC(F)(F)F)[C@@H](c1ccccc1)c1ccc2c(cnn2-c2ccc(F)cc2)c1,-0.3710678622717362
CC(C)(C(=O)NC(N)=O)[C@@H]1c2ccc(-c3ccc(C(=O)N4CCCC4)cc3)nc2Oc2c(F)cccc21,0.1549019599857432
CC(C)(C(=O)Nc1nccs1)C(c1ccccc1)c1ccc2ncccc2c1,-1.9294189257142929
Cc1ccc(C(=O)[C@]23Cc4cnn(-c5ccc(F)cc5)c4C=C2CCN(S(=O)(=O)c2cccc(C)c2)C3)nc1,-0.5820633629117087
CC(C)C(=O)NC(=O)C(C)(C)[C@@H]1c2ccc(-c3ccc(C(=O)N4CCOCC4)cc3)nc2Oc2c(F)cccc21,-1.110589710299249
CC1=CC(C)(C)Nc2ccc3c(c21)/C(=C/c1ccccc1C)Oc1c(F)cccc1-3,-2.3654879848909
C[C@H]1COc2cc(F)ccc2N1C(=O)c1ccc2c(c1)NC(=O)CO2,-3.100001582801352
C=CCC1Oc2cccc(C=C)c2-c2ccc3c(c21)C(C)=CC(C)(C)N3,-0.6434526764861874
CCN(C)C(=O)c1ccc(-c2ccc3c(n2)Oc2ccccc2[C@H]3C(C)(C)C(=O)Nc2nncs2)cc1Cl,-1.1958996524092338
CC(C)(C(=O)Nc1nccs1)C(c1ccc2c(cnn2-c2ccc(F)cc2)c1)C1CCCCC1,-1.255272505103306
COc1c(O)ccc2c1-c1ccc3c(c1/C(=C/c1ccccc1C)O2)C(C)=CC(C)(C)N3,-0.2304489213782739
C=CCC1Oc2c(Br)cc(O)c(Cl)c2-c2ccc3c(c21)C(C)=CC(C)(C)N3,-0.3617278360175928
CC1C(=O)C(C)(C)Nc2ccc3c(c21)/C(=C/c1ccccc1)Oc1ccccc1-3,-2.832508912706236
NC(=O)C[C@H]1COc2cc(F)ccc2N1C(=O)c1ccc2c(c1)NC(=O)CO2,-2.800001827817969
C[C@]12C[C@H](O)[C@@]3(F)[C@@H](C[C@H](F)C4=CC(=O)C=C[C@@]43C)[C@@H]1C[C@H]1CN(Cc3ccccc3)C[C@]12C(=O)CF,0.2839966563652008
CC1=CC(C)(C)Nc2ccc3c(c21)/C(=C/c1ccccc1)Oc1c(F)cccc1-3,-2.506505032404872
CC(C)(C(=O)Nc1nncs1)C(c1ccccc1)c1ccc2c(-c3ccc(F)cc3F)ncn2c1,-0.0
CC(C)Oc1ccc(-c2ccc3c(n2)Oc2ccccc2[C@H]3C(C)(C)C(=O)Nc2nncs2)cc1,-0.2041199826559248
C[C@@](O)(c1ccccn1)[C@H]1CCCC2=Cc3c(-c4ccc(F)cc4)ncn3C[C@@]21C,-1.4913616938342726
CC(C)(C(=O)Nc1nccs1)C(c1ccccc1)c1ccc2cncn2c1,-1.1139433523068367
CC/C(=C(/CC)c1ccc(O)cc1)c1ccc(O)cc1,-3.6828667956623247
Cn1ccc(S(=O)(=O)N2CC[C@H]3Cc4c(cnn4-c4ccc(F)cc4)C[C@]3(C(=O)c3cc(C(F)(F)F)ccn3)C2)n1,-1.380211241711606
Cc1cc(C#N)sc1-c1ccc2c(c1)C(C)CC(C)(C)N2,-1.6334684555795866
CC1=CC(C)(C)Nc2ccc3c(c21)C(C)Oc1ccc(F)cc1-3,-2.874481817699466
Cc1cc(-c2cc(F)c(F)c3cc[nH]c23)c(Cl)c2c1NC(C)(C)CC2C,-0.255272505103306
CCCc1ccc(-c2ccc3c(n2)Oc2ccccc2[C@H]3C(C)(C)C(=O)Nc2nncs2)cc1,-0.380211241711606
CS(=O)(=O)Nc1cccc(S(=O)(=O)N2CCC3=CC(=O)CCC3(Cc3ccccc3)C2)c1,-3.322219294733919
C=CCC1Oc2cccc(COC)c2-c2ccc3c(c21)C(C)=CC(C)(C)N3,-1.255272505103306
CC(C)(C(=O)Nc1nncs1)C(c1ccccc1)c1ccc2c(cnn2-c2ccccc2)c1,-0.6989700043360189
COC[C@]12Cc3cnn(-c4ccc(F)cc4)c3C=C1CCN(S(=O)(=O)c1ccc(C(C)(C)C)cc1)C2,-0.6283889300503115
CC(=O)[C@@]1(O)CC[C@H]2[C@@H]3C[C@H](C)C4=CC(=O)C=C[C@]4(C)[C@@]3(F)[C@@H](O)C[C@@]21C,-0.1981069988734015
O=C1C=C2CCc3cc(O)ccc3[C@]2(Cc2ccccc2)CC1,-2.1958996524092336
COc1ccc(NC(=O)O[C@@H]2[C@@H](C)c3c(cc(F)c(-c4cccc5c(Cl)c[nH]c45)c3F)NC2(C)C)cc1Cl,-0.8260748027008264
CC(=O)Nc1ccc(CC23CCC(=O)C=C2CCN(S(=O)(=O)c2ccc(C(C)(C)C)cc2)C3)cc1,-1.7481880270062005
C=CCC1Oc2cccc(OCC3CC3)c2-c2ccc3c(c21)C(C)=CC(C)(C)N3,-3.322219294733919
COc1c(O)ccc2c1-c1ccc3c(c1/C(=C/c1sccc1C(C)O)O2)C(C)=CC(C)(C)N3,-0.0791812460476248
CC(C)(C)c1ccc(S(=O)(=O)N2CCC3=Cc4c(cnn4-c4ccc(F)cc4)C[C@]3(Cc3ccccc3)C2)cc1,-0.4842998393467858
CNC(=O)C[C@H]1COc2cc(F)ccc2N1C(=O)c1ccc2c(c1)NC(=O)CO2,-3.40000061697638
C[C@H]1c2c(cc(Cl)c(-c3cccc4cc[nH]c34)c2Cl)NC(C)(C)[C@@H]1O,-2.1958996524092336
CC(C)(C(=O)Nc1nncs1)[C@H]1c2ccccc2Oc2nc(-c3ccc(C(=O)N4CCOCC4)c(F)c3)ccc21,-0.4313637641589873
C[C@H]1c2c(cc(F)c(-c3cccc4cc[nH]c34)c2F)NC(C)(C)[C@@H]1OC(=O)Nc1ccc(N(C)C)cc1,-0.7075701760979364
CC(=O)O[C@]1(C(C)=O)CC[C@H]2[C@@H]3C=C(Cl)C4=CC(=O)[C@@H]5C[C@@H]5[C@]4(C)[C@H]3CC[C@@]21C,-2.008600171761917
CNC(=O)C[C@H]1COc2cc(C)ccc2N1C(=O)c1ccc2c(c1)NC(=O)CO2,-2.500003068051693
COc1c(O)ccc2c1-c1ccc3c(c1/C(=C/c1oc(C)cc1C(=O)N(C)C)O2)C(C)=CC(C)(C)N3,-0.5314789170422551
COc1ccc(F)cc1-c1c(-c2ccccc2)[nH]c2c(NS(C)(=O)=O)cccc12,-1.7299742856995557
C#C[C@]1(O)CC[C@H]2[C@@H]3CCC4=CC(=O)CCC4=C3[C@@H](c3ccc(N(C)C(C)=O)cc3)C[C@@]21C,0.0457574905606751
CC(C)(C)CC(=O)NCC(C)(C)[C@@H](c1ccccc1)c1ccc2c(cnn2-c2ccc(F)cc2)c1,-0.2787536009528289
COc1c(O)ccc2c1-c1ccc3c(c1/C(=C/c1cccc(C)c1)O2)C(C)=CC(C)(C)N3,-0.3979400086720376
COc1ccc(Cl)cc1-c1c[nH]c2c(NS(C)(=O)=O)cccc12,-0.7363965022766424
O=C(c1ccccn1)[C@]12Cc3cnn(-c4ccc(F)cc4)c3C=C1CCN(S(=O)(=O)c1cccc(Cl)c1)C2,-0.7501225267834001
C[C@]12Cc3cnn(-c4ccc(F)cc4)c3C=C1CC[C@@]2(O)CCc1ccccc1C(N)=O,-0.3010299956639812
O=c1[nH]c(=O)c(Cc2ccccc2)c([C@H]2CC[C@@H](c3ccccc3)CC2)[nH]1,-1.505149978319906
CC(C)(C(=O)Nc1nccs1)C(c1ccccc1)c1ccc2c(-c3ccc(F)c(Cl)c3)ncn2c1,-0.9030899869919436
CNC(=O)C[C@H]1COc2cc(Br)ccc2N1C(=O)c1ccc2c(c1)NC(=O)CO2,-2.099991233544684
Cc1noc(C)c1-c1cc2c(c3c1CCCC3)NC(C)(C)C(=O)C2(C)C,-2.0253058652647704
O=C(c1ccccn1)[C@]12Cc3cnn(-c4ccc(F)cc4)c3C=C1CCN(S(=O)(=O)c1ccc(Cl)c(Cl)c1)C2,-0.8645110810583918
C=CCCC1Oc2cccc(OC)c2-c2ccc3c(c21)C(C)=CC(C)(C)N3,-0.9084850188786496
CNC(=O)C[C@H]1COc2cc(Cl)ccc2N1C(=O)c1ccc2c(c1)NC(=O)CO2,-2.500003068051693
CCS(=O)(=O)c1ccc(-c2ccc3c(n2)Oc2ccccc2[C@@H]3C(C)(C)C(=O)Nc2nncs2)cc1,-0.6020599913279624
CCN(CC)Cc1cc(F)ccc1/C=C1\Oc2ccc(O)c(OC)c2-c2ccc3c(c21)C(C)=CC(C)(C)N3,-0.4913616938342727
CC(=O)O[C@]1(C(C)=O)CC[C@H]2[C@@H]3C=C(Cl)C4=CC(=O)CC[C@]4(C)[C@H]3CC[C@@]21C,-1.235528446907549
CC(C)(C(=O)Nc1nncs1)C(c1ccccc1)c1cc(-c2ccc(F)cc2)c2ncccc2c1,-2.292256071356476
C[C@@H]1CC[C@H]([C@@H](O)C(F)(F)F)N1c1ccc2[nH]c(=O)cc(C(F)(F)F)c2c1,-3.9190780923760737
C[C@@](O)(c1ccc(F)cc1)[C@H]1CCCC2=Cc3c(-c4ccc(F)cc4)ncn3C[C@@]21C,-0.3010299956639812
COc1c(O)ccc2c1-c1ccc3c(c1/C(=C/c1cccc(C(F)(F)F)c1)O2)C(C)=CC(C)(C)N3,-0.4313637641589873
CC(C)(C(=O)Nc1nccs1)C(c1ccccc1)c1ccc2c(-c3ccc(F)cc3)ncn2c1,-0.4259687322722811
C[C@H]1c2c(cc(F)c(-c3cccc4cc[nH]c34)c2F)NC(C)(C)[C@@H]1OC(=O)Nc1ccc2c(c1)OCO2,-1.0863598306747482
Cc1c(Cl)c(-c2cccc3cc[nH]c23)cc2c1NC(C)(C)[C@H](O)[C@H]2C,-0.255272505103306
Cc1cnc(C(=O)[C@]23Cc4cnn(-c5ccc(F)cc5)c4C=C2CCN(S(=O)(=O)c2ccc(Cl)c(Cl)c2)C3)s1,-0.5865873046717549
CC(C)(CNS(=O)(=O)CC(F)(F)F)[C@@H](c1ccccc1)c1ccc2c(cnn2-c2ccc(F)cc2)c1,0.1938200260161128
Cn1c(=O)[nH]c(N2CCN(c3ccccc3)CC2)c(Cc2ccccc2)c1=O,-2.672097857935717
O=C(c1ccccn1)[C@]12Cc3cnn(-c4ccc(F)cc4)c3C=C1CCN(S(=O)(=O)c1ccc(F)cc1)C2,-0.9066043717249804
CC(C)(C(=O)Nc1nccs1)C(c1ccccc1)c1ccc2c(-c3cccc(C#N)c3)ncn2c1,-0.6020599913279624
COc1cccc2c1-c1ccc3c(c1C(c1cccc(C(F)(F)F)c1)O2)C(C)=CC(C)(C)N3,-1.041392685158225
CS(=O)(=O)Nc1ccccc1S(=O)(=O)N1CCC2=CC(=O)CCC2(Cc2ccccc2)C1,-3.290034611362518
CC(C)(C(=O)Nc1nccs1)C(c1ccccc1)c1ccn2c(-c3ccccc3)ncc2c1,-0.9030899869919436
C[C@]12C[C@H](O)[C@@]3(F)[C@@H](C[C@H](F)C4=CC(=O)C=C[C@@]43C)[C@@H]1C[C@H]1CN(Cc3ccc(C(F)(F)F)cc3)C[C@]12C(=O)CO,0.1804560644581313
CC1=CC(C)(C)Nc2ccc3c(c21)/C(=C/c1ccc(F)c(F)c1)Oc1ccccc1-3,-2.374748346010104
Cc1cc([C@H](c2ccccc2)C(C)(C)C(=O)Nc2nncs2)ccc1O,-0.3424226808222063
CC(C)(C(=O)Nc1nncs1)[C@@H](c1ccccc1)c1ccc(O)c(F)c1,0.1549019599857432
CC1=CC(C)(C)Nc2ccc3c(c21)C(c1ccc(Cl)c(Cl)c1)Oc1ccccc1-3,-1.7708520116421442
CC#C[C@@]1(O)CC[C@@]2(Cc3ccccc3)c3ccc(O)cc3CC[C@@H]2C1,-0.3197304943302245
Cn1c(=O)[nH]c(N2CCC(CCc3ccccc3)CC2)c(Cc2ccccc2)c1=O,-2.187520720836463
Cc1c[nH]c2c(-c3c(F)cc4c(c3F)/C(=N/OCc3ccccc3)CC(C)(C)N4)cccc12,-0.7634279935629373
C[C@]12C[C@H](O)[C@@]3(F)[C@@H](C[C@H](F)C4=CC(=O)C=C[C@@]43C)[C@@H]1C[C@H]1CN(c3ccccc3)C[C@]12C(=O)CO,0.4089353929735008
CC(C)(C)c1ccc(S(=O)(=O)N2CCC3=CC(=O)CCC3(Cc3ccccc3)C2)cc1,-1.146128035678238
COc1cc(NS(C)(=O)=O)c2[nH]c(C)c(-c3ccccc3)c2c1,-1.599883072073688
CC(C)CCn1ncc2cc(C(c3ccccc3)C(C)(C)C(=O)Nc3nncs3)ccc21,-0.7558748556724915
CC1=CC(C)(C)Nc2ccc3c(c21)/C(=C/c1ccco1)Oc1ccc(F)cc1-3,-2.146128035678238
CC(C)(C(=O)NC(N)=O)[C@H]1c2ccccc2Oc2nc(-c3ccc(C(=O)N4CCOCC4)cc3)ccc21,-0.1760912590556812
C=CCC1Oc2c(C=C)ccc(OC)c2-c2ccc3c(c21)C(C)=CC(C)(C)N3,-1.5314789170422551
C#C[C@]1(O)CC[C@H]2[C@@H]3CCC4=CC(=O)CC[C@@H]4[C@H]3CC[C@@]21C,-2.294466226161593
CC(C)(C)c1ccc(S(=O)(=O)N2CCC3=Cc4c(cnn4-c4ccc(F)cc4)C[C@]3(COCCC#N)C2)cc1,-0.469822015978163
C[C@]12Cn3cnc(-c4ccc(F)cc4)c3C=C1CCC[C@@H]2[C@H](O)c1ccc(F)cc1,-1.3617278360175928
CC(C)(C(=O)Nc1nccs1)C(c1ccc2c(cnn2-c2ccc(F)cc2)c1)C1CCCC1,-1.3222192947339193
CC(CNS(C)(=O)=O)[C@@H](c1ccccc1)c1ccc2c(cnn2-c2ccc(F)cc2)c1,0.0315170514460648
CC(C)(C)NC(=O)NCC(C)(C)[C@@H](c1ccccc1)c1ccc2c(cnn2-c2ccc(F)cc2)c1,-0.7109631189952756
CCOC[C@]12Cc3cnn(-c4ccc(F)cc4)c3C=C1CCN(S(=O)(=O)c1ccc(C(C)(C)C)cc1)C2,-0.1303337684950061
CCC1(C(=O)Nc2nccs2)CC2c3ccccc3C1c1ccccc12,-0.5910646070264992
CC(C)(C(=O)Nc1nccs1)C(c1ccccc1)c1ccc(O)cc1F,-1.3159703454569178
Cn1c(=O)[nH]c(N2CCC(C(=O)c3ccccc3)CC2)c(Cc2ccccc2)c1=O,-2.3560258571931225
CC(=O)NC(=O)C(C)(C)[C@@H]1c2ccc(-c3ccc(C(=O)N4CCCC4)cc3)nc2Oc2c(F)cccc21,-0.3979400086720376
Cc1ccnc(C(=O)[C@]23Cc4cnn(-c5ccc(F)cc5)c4C=C2CCN(S(=O)(=O)c2cc(F)cc(F)c2)C3)c1,-0.3463529744506387
CCc1ccc(-c2ccc3c(n2)Oc2ccccc2[C@H]3C(C)(C)C(=O)Nc2nncs2)cc1,-0.0
COc1ccccc1C1CCN(c2[nH]c(=O)[nH]c(=O)c2Cc2ccccc2)CC1,-0.8512583487190752
O=c1[nH]c(N2CCC(c3ccc(Cl)cc3)CC2)c(Cc2ccccc2)c(=O)[nH]1,-2.012837224705172
CC(C)C[C@@H](c1ccc2c(cnn2-c2ccc(F)cc2)c1)C(C)(C)CNC(=O)NCC(F)(F)F,-0.1522883443830564
Cn1ncc(S(=O)(=O)N2CC[C@H]3Cc4c(cnn4-c4ccc(F)cc4)C[C@]3(C(=O)c3cc(C(F)(F)F)ccn3)C2)n1,-1.0791812460476249
CC(C)(C(=O)Nc1nncs1)C(c1ccccc1)c1ccc2c(cnn2CCc2ccccc2)c1,-1.662757831681574
COc1cc(-c2cn(C(C)C)c3cc(NS(C)(=O)=O)ccc23)ccc1C#N,-2.989894563718773
CN(C)C(=O)c1cnc(-c2ccc3c(c2)Oc2ccccc2C3C(C)(C)C(=O)Nc2nncs2)nc1,-0.6232492903979004
CCCC[C@@](C)(O)[C@H]1CCCC2=Cc3c(-c4ccc(F)cc4)ncn3C[C@@]21C,-0.8976270912904414
COc1c(O)ccc2c1-c1ccc3c(c1/C(=C/c1ccc(Cl)cc1)O2)C(C)=CC(C)(C)N3,-0.2304489213782739
CC1=CC(C)(C)Nc2ccc3c(c21)C(c1ccc(Cl)c(C)c1)Oc1ccccc1-3,-2.167317334748176
COc1cc(F)ccc1-c1c(C)[nH]c2c(NS(C)(=O)=O)cc(F)cc12,-0.1205739312058499
Cn1c(=O)[nH]c(N2CCC(O)CC2)c(Cc2cccc(C(F)(F)F)c2)c1=O,-3.653212513775343
CN(C)C(=O)[C@@]12CN(Cc3ccccc3)C[C@@H]1C[C@H]1[C@@H]3C[C@H](F)C4=CC(=O)C=C[C@]4(C)[C@@]3(F)[C@@H](O)C[C@@]12C,-0.041392685158225
C=C1CCO[C@]12CC[C@H]1[C@@H]3CCC4=CC(=O)CCC4=C3[C@@H](c3ccc(P(=O)(OCC)OCC)cc3)C[C@@]12C,-1.7505083948513462
Cc1cc(-c2cccc3cc[nH]c23)c(Cl)c2c1NC(C)(C)CC2C,0.2218487496163563
Cc1cc(-c2cccc3ccn(C)c23)c(Cl)c2c1NC(C)(C)CC2C,-1.8976270912904416
Cc1c[nH]c2c(-c3c(F)cc4c(c3F)/C(=N/OC(C)(C)CO)CC(C)(C)N4)cccc12,0.0969100130080563
CC1=CC(C)(C)Nc2ccc3c(c21)C(c1ccc(Cl)c(F)c1)Oc1ccccc1-3,-1.591064607026499
COc1c(O)ccc2c1-c1ccc3c(c1/C(=C/c1ccc(C(C)C)cc1)O2)C(C)=CC(C)(C)N3,-0.4623979978989561
C=CC[C@]1(O)CC[C@H]2[C@@H]3CCC4=CC(=O)CCC4=C3[C@@H](c3ccc(P(=O)(c4ccccc4)c4ccccc4)cc3)C[C@@]21C,-1.0
CC1(C)O[C@@H]2C[C@H]3[C@@H]4C[C@H](F)C5=CC(=O)C=C[C@]5(C)[C@H]4[C@@H](O)C[C@]3(C)[C@]2(C(=O)CO)O1,-0.3843534141375062
COCCNC[C@]12Cc3cnn(-c4ccc(F)cc4)c3C=C1CCN(S(=O)(=O)c1ccc(C(C)(C)C)cc1)C2,-0.3117538610557542
CC(C)(C(=O)Nc1nccs1)[C@@H](c1ccccc1)c1ccc(O)c(Br)c1,0.3979400086720376
O=C(c1ccccn1)[C@]12Cc3cnn(-c4ccc(F)cc4)c3C=C1CCN(S(=O)(=O)c1cc(F)cc(F)c1)C2,-0.6683859166900001
C#C[C@]1(O)CC[C@H]2[C@@H]3CCC4=CC(=O)CCC4=C3[C@@H](c3ccc(N(C)CCCC(=O)N(C)C4CC[C@@]5(C)[C@@H](C4)C[C@@H](O)[C@@H]4[C@@H]5C[C@H](O)[C@@]5(C)[C@H]4CC[C@@H]5[C@H](C)CCC(=O)O)cc3)C[C@@]21C,0.1337126609158051
COC(=O)C(C)(C)O/N=C1\CC(C)(C)Nc2cc(F)c(-c3cccc4c(C)c[nH]c34)c(F)c21,-0.1760912590556812
O=C(c1ccccn1)[C@]12Cc3cnn(-c4ccc(F)cc4)c3C=C1CCN(S(=O)(=O)c1ccc(F)c(C(F)(F)F)c1)C2,-0.7172543127625497
COc1ccc(-n2ncc3cc(C(c4ccccc4)C(C)(C)C(=O)Nc4nncs4)ccc32)cc1,-0.9444826721501688
Cn1ccc(S(=O)(=O)N2CCC3=Cc4c(cnn4-c4ccc(F)cc4)C[C@]3(C(=O)c3cc(C(F)(F)F)ccn3)C2)n1,-0.8195439355418687
O=C1C=C2CCN(S(=O)(=O)c3ccccc3)CC2(Cc2ccccc2)CC1,-2.3521825181113627
C[C@]12C[C@H](O)[C@@]3(F)[C@@H](C[C@H](F)C4=CC(=O)C=C[C@@]43C)[C@@H]1C[C@H]1CN(Cc3cccc(Cl)c3)C[C@]12C(=O)OCF,0.2441251443275086
CC(C)C(c1ccc2c(cnn2-c2ccc(F)cc2)c1)C(C)(C)C(=O)Nc1nncs1,-0.380211241711606
Cc1n[nH]c(C)c1S(=O)(=O)N1CCC2=Cc3c(cnn3-c3ccc(F)cc3)C[C@]2(C(=O)c2cc(C(F)(F)F)ccn2)C1,-1.8388490907372552
CC(C)(C(=O)Nc1nncs1)C(c1ccccc1)c1ccc2c(cnn2CCO)c1,-1.6720978579357175
Cc1cc(-c2cccc3cc[nH]c23)c(/C=C/C#N)c2c1NC(C)(C)[C@H](O)[C@H]2C,-1.2201080880400552
NC(=O)C[C@H]1COc2cc(Cl)ccc2N1C(=O)c1ccc2c(c1)NC(=O)CO2,-1.4999618655961902
O=c1[nH]c([C@H]2CC[C@@H](c3ccccc3)CC2)c(Cc2cccc(C(F)(F)F)c2)c(=O)n1CCO,-1.9912260756924949
C[C@]12Cc3cnn(-c4ccc(F)cc4)c3C=C1CCN(S(=O)(=O)c1ccc(N)cc1)C2,-1.230448921378274
CC1(C)Nc2c(cc(-c3ccnc4ccccc34)c3c2CCC3)C(C)(C)C1=O,-2.1789769472931693
C#C[C@]1(O)CC[C@H]2[C@@H]3CCc4cc(O)ccc4[C@H]3CC[C@@]21C,-2.890421018800914
CNC(=O)c1ccc(CC[C@]2(O)CCC3=Cc4c(cnn4-c4ccc(F)cc4)C[C@@]32C)cc1,-2.1903316981702914
COc1cccc2c1-c1ccc3c(c1C(c1cccc(OC(=O)N(C)C)c1)O2)C(C)=CC(C)(C)N3,-0.380211241711606
CC(C)(C)c1ccc(S(=O)(=O)N2CCC3=CC(=O)CCC3(Cc3ccc(N)cc3)C2)cc1,-1.99563519459755
COc1cccc(S(=O)(=O)N2CCC3=Cc4c(cnn4-c4ccc(F)cc4)C[C@]3(C(=O)c3ccccn3)C2)c1,-0.7630534402996147
CC(=O)c1cccc(NC(=O)O[C@@H]2[C@@H](C)c3c(cc(F)c(-c4cccc5cc[nH]c45)c3F)NC2(C)C)c1,-0.9731278535996988
CC(C)(C)c1ccc(S(=O)(=O)N2CCC3=CC(=O)CCC3(Cc3ccc(C#N)cc3)C2)cc1,-1.812913356642856
C/C(=C1/c2ccccc2COc2ccccc21)c1cccc(NS(C)(=O)=O)c1,0.5900668766687054
C[C@@](O)(c1cccnc1)[C@H]1CCCC2=Cc3c(-c4ccc(F)cc4)ncn3C[C@@]21C,-0.3010299956639812
CO/N=C1\CC(C)(C)Nc2cc(F)c(-c3cccc4cc[nH]c34)c(F)c21,-0.8450980400142568
CCc1ccnc(C(=O)[C@]23Cc4cnn(-c5ccc(F)cc5)c4C=C2CCN(S(=O)(=O)c2cccc(C#N)c2)C3)c1,0.024568191490737
C[C@H]1c2c(cc(F)c(-c3cccc4c(Cl)c[nH]c34)c2F)NC(C)(C)[C@@H]1OC(=O)NC1CCCCC1,-0.6334684555795865
COCCOC[C@]12Cc3cnn(-c4ccc(F)cc4)c3C=C1CCN(S(=O)(=O)c1ccc(C)cc1)C2,0.1249387366082999
Cc1cc(-c2ccc3cc[nH]c3c2)c(Cl)c2c1NC(C)(C)CC2C,-2.6627578316815743
C[C@H]1c2c(F)c(-c3cccc4cc[nH]c34)c(F)c(F)c2NC(C)(C)[C@@H]1O,-0.6989700043360189
CC(=O)/C=C/c1c(-c2cccc3cc[nH]c23)cc(C)c2c1[C@H](C)[C@@H](O)C(C)(C)N2,-1.0170333392987805
CS(=O)(=O)Nc1ccc(S(=O)(=O)N2CCC3=CC(=O)CCC3(Cc3ccccc3)C2)cc1,-2.977723605288848
C[C@]12C[C@H](O)[C@@]3(F)[C@@H](C[C@H](F)C4=CC(=O)C=C[C@@]43C)[C@@H]1C[C@H]1CN(c3ccccc3)C[C@]12C(=O)CF,0.2839966563652008
CC(C)(C(=O)NC(N)=O)[C@@H]1c2ccc(-c3ccc(C(=O)N4CCOCC4)nc3)nc2Oc2c(F)cccc21,-0.8633228601204559
CC(C)(C(=O)Nc1nncs1)[C@H]1c2ccccc2Oc2nc(-c3ccc(C(=O)N4CCCCC4)cc3)ccc21,-0.1139433523068367
CC(C)n1cc(-c2ccc(C#N)c(F)c2)c2ccc(NS(C)(=O)=O)cc21,-2.718501688867274
C[C@]12Cc3cnn(-c4ccc(F)cc4)c3C=C1CC[C@@]2(O)CCc1cccc(F)c1C(=O)NC1(CO)CC1,-0.4771212547196624
O=C1COc2ccc(C(=O)N3c4ccc(F)cc4OC[C@@H]3CCO)cc2N1,-3.100001582801352
Cn1nncc1S(=O)(=O)N1CC[C@H]2Cc3c(cnn3-c3ccc(F)cc3)C[C@]2(C(=O)c2cc(C(F)(F)F)ccn2)C1,-2.0791812460476247
O=C(c1nccs1)[C@]12Cc3cnn(-c4ccc(F)cc4)c3C=C1CCN(S(=O)(=O)c1ccc(Cl)c(Cl)c1)C2,-0.9188163903603797
COc1ccc(-c2c[nH]c3c(NS(C)(=O)=O)cccc23)cc1F,-3.14921911265538
COc1cc(NS(C)(=O)=O)c2[nH]c(C)c(-c3cc(F)ccc3OC)c2c1,-2.060697840353612
CC(C)(CNC(=O)CC(F)(F)F)[C@@H](c1ccccc1)c1ccc2c(cnn2-c2ccc(F)cc2)c1,0.0915149811213502
CC(C)(C(=O)Nc1nncs1)C(c1ccccc1)c1ccc2c(cnn2Cc2ccccc2)c1,-1.146128035678238
C=C1C=C(C)CC(C)(C)C1C/C=C/c1cc(OC)c(Br)cc1O,-3.6451273992583912
CC(C)(C)c1ccc(S(=O)(=O)N2CCC3=Cc4c(cnn4-c4ccc(F)cc4)C[C@]3(CN3CCCC3)C2)cc1,-0.3521825181113625
COc1c(O)ccc2c1-c1ccc3c(c1/C(=C/c1sccc1C(O)C(F)(F)F)O2)C(C)=CC(C)(C)N3,-0.146128035678238
CC(C)(C(=O)Nc1nccs1)C(c1ccccc1)c1ccc2c(ccn2-c2ccc(F)cc2)c1,-1.1139433523068367
C=CCC1Oc2ccc(O)c(OC)c2-c2ccc3c(c21)C(C)=CC(C)(C)N3,0.0222763947111522
CCS(=O)(=O)NCC(C)[C@@H](c1ccccc1)c1ccc2c(cnn2-c2ccc(F)cc2)c1,0.0604807473813814
COc1c(O)ccc2c1-c1ccc3c(c1/C(=C/c1ccccc1-c1ccccc1)O2)C(C)=CC(C)(C)N3,-0.8260748027008264
COc1ccccc1-c1c[nH]c2c(NS(C)(=O)=O)cccc12,-0.48572142648158
CS(=O)(=O)Nc1cccc2cc[nH]c12,-1.6989700043360187
C[C@]12C[C@H](O)[C@@]3(F)[C@@H](C[C@H](F)C4=CC(=O)C=C[C@@]43C)[C@@H]1C[C@H]1CN(Cc3ccc(CSc4ccc(O)cc4)cc3)C[C@]12C(=O)CO,0.2076083105017461
CCCCC1Oc2ccc(Cl)cc2-c2ccc3c(c21)C(C)=CC(C)(C)N3,-2.595496221825574
CC(C)(C(=O)Nn1ncnn1)C(c1ccccc1)c1ccc2c(cnn2-c2ccc(F)cc2)c1,-1.230448921378274
CC(C)(C)c1ccc(S(=O)(=O)N2CCC3=Cc4c(cnn4-c4ccc(F)cc4)C[C@]3(CN3CCCCC3)C2)cc1,-0.568201724066995
CC(C)(Cc1ccc2c(cnn2-c2ccc(F)cc2)c1)C(=O)Nc1nncs1,-1.9242792860618816
C[C@]12C[C@H](O)[C@@]3(F)[C@@H](CCC4=CC(=O)C=C[C@@]43C)[C@@H]1C[C@@H](O)[C@]2(O)C(=O)CO,-1.414973347970818
CC(C)C[C@@H](c1ccc2c(cnn2-c2ccc(F)cc2)c1)C(C)(C)CNC(=O)CC(F)(F)F,-0.1139433523068367
Cc1c(N[C@@H]2COC[C@@]2(C)O)ccc(C#N)c1Cl,-3.378397900948137
Cc1ccc(S(=O)(=O)N2CCC3=CC(=O)CCC3(Cc3ccccc3)C2)cc1,-1.99563519459755
Cc1cc(-c2cccc3cc[nH]c23)c(/C=N/O)c2c1NC(C)(C)[C@H](O)[C@H]2C,-2.503790683057181
CO/N=C1/c2c(cc(F)c(-c3cccc4c(Cl)c[nH]c34)c2F)NC(C)(C)C1O,0.1549019599857432
COc1cc(F)ccc1-c1c(CN(C)Cc2ccccc2)[nH]c2c(NS(C)(=O)=O)cc(C(C)(C)C)cc12,-0.4265112613645752
O=C1C=C2CCN(Cc3ccccc3)CC2(Cc2ccccc2)CC1,-3.568201724066995
CC(=O)O[C@]1(C(C)=O)CC[C@H]2[C@@H]3C[C@H](C)C4=CC(=O)CC[C@]4(C)[C@H]3CC[C@@]21C,-1.1205739312058498
Cc1ccnc(C(=O)[C@]23Cc4cnn(-c5ccc(F)cc5)c4C=C2CCN(S(=O)(=O)c2cccc(C#N)c2)C3)c1,-0.3664229572259727
CC(C)(C(=O)NC(N)=O)[C@@H]1c2ccc(-c3ccc(C(=O)N4CCCC4)nc3)nc2Oc2c(F)cccc21,-0.3010299956639812
CCS(=O)(=O)NCC(C)(C)[C@@H](c1ccccc1)c1ccc2c(cnn2-c2ccc(F)cc2)c1,0.1426675035687315
CCCOC1Oc2ccc(Cl)cc2-c2ccc3c(c21)C(C)=CC(C)(C)N3,-2.4149733479708178
CCC(c1ccc2c(cnn2-c2ccc(F)cc2)c1)C(C)(C)C(=O)Nc1nccs1,-0.9912260756924948
CC1(C)C/C(=N\OC(C)(C)C)c2c(cc(F)c(-c3cccc4c(Cl)c[nH]c34)c2F)N1,-0.3010299956639812
CCNC(=O)c1ccccc1CC[C@]1(O)CCC2=Cc3c(cnn3-c3ccc(F)cc3)C(O)[C@@]21C,-1.6020599913279625
C=CCC1Oc2ccc(O)c(Cl)c2-c2ccc3c(c21)C(C)=CC(C)(C)N3,0.2365720064370627
C#CCOc1cccc2c1-c1ccc3c(c1C(CC=C)O2)C(C)=CC(C)(C)N3,-0.6232492903979004
CC#C[C@]1(O)CC[C@H]2[C@@H]3CCC4=CC(=O)CCC4=C3[C@@H](c3ccc(P(=O)(c4ccccc4)c4ccccc4)cc3)C[C@@]21C,-0.4771212547196624
C#C[C@]1(O)CC[C@H]2[C@@H]3CCC4=CC(=O)CCC4=C3[C@@H](c3ccc(N(C)CCOC4CC[C@]5(C)[C@H]6CC[C@@]7(C)[C@@H](CC[C@@H]7[C@H](C)CCC(=O)O)[C@@H]6CC[C@@H]5C4)cc3)C[C@@]21C,-0.1643528557844371
C=CCC1Oc2cccc(SC)c2-c2ccc3c(c21)C(C)=CC(C)(C)N3,-0.7160033436347992
C[C@]1(O)CC[C@H]2[C@@H]3CCC4=CC(=O)CCC4=C3C=C[C@@]21C,-0.9845273133437926
CC(C)(C)c1ccc(S(=O)(=O)N2CCC3=CC(=O)CCC3(Cc3ccc(NS(C)(=O)=O)cc3)C2)cc1,-1.1139433523068367
Cc1ccc(-c2ccc3c(n2)Oc2ccccc2[C@@H]3C(C)(C)C(=O)Nc2nncs2)cc1,-0.3979400086720376
C[C@H]1c2c(Cl)c(-c3cccc4cc[nH]c34)cc(F)c2NC(C)(C)[C@@H]1O,-0.9030899869919436
Cc1cc(-c2cc(Cl)cc3cc[nH]c23)c(Cl)c2c1NC(C)(C)CC2C,-1.380211241711606
CC(C)(C(=O)Nc1nncs1)[C@@H](c1ccccc1)c1ccc(O)cc1,-0.0606978403536116
CO/N=C/c1c(-c2cccc3cc[nH]c23)cc(C)c2c1[C@H](C)[C@@H](O)C(C)(C)N2,-0.8388490907372553
CS(=O)(=O)Nc1cccc(C=C2c3ccccc3CCc3ccccc32)c1,0.645891560852599
CCCNC(=O)c1ccccc1CC[C@]1(O)CCC2=Cc3c(cnn3-c3ccc(F)cc3)C[C@@]21C,-0.3010299956639812
CC1COc2cc3[nH]c(=O)cc(C(F)(F)F)c3cc2N1CC(F)(F)F,-3.929418925714293
COc1cccc2c1-c1ccc3c(c1C(CCN(C)C)O2)C(C)=CC(C)(C)N3,-1.792391689498254
CC(C)(C(=O)Nc1nncs1)[C@H]1c2ccccc2Oc2nc(-c3ccc(C(=O)N4CCCCC4)c(F)c3)ccc21,-0.2253092817258628
O=C(c1ccccn1)[C@]12Cc3cnn(-c4ccc(F)cc4)c3C=C1CCN(S(=O)(=O)c1ccc(F)c(F)c1)C2,-0.5865873046717549
C#C[C@]1(O)CC[C@H]2[C@@H]3CCC4=CC(=O)CCC4=C3[C@@H](c3ccc(N(C)CCNC(=O)OC4CC[C@]5(C)[C@H]6C[C@H](O)[C@@]7(C)[C@@H](CC[C@@H]7[C@H](C)CCC(=O)O)[C@@H]6[C@H](O)C[C@@H]5C4)cc3)C[C@@]21C,0.048176964684088
NC(=O)C[C@H]1COc2cc(F)cc(F)c2N1C(=O)c1ccc2c(c1)NC(=O)CO2,-3.100001582801352
CC(C)(C(=O)Nc1nccs1)C(c1ccccc1)c1ccc2nncn2c1,-2.227886704613673
COc1cccc2c1-c1ccc3c(c1C(C1CCCC1)O2)C(C)=CC(C)(C)N3,-0.3222192947339193
C=CCC1Oc2cccc(OC)c2-c2ccc3c(c21)C(C)=CC(C)(C)N3,-0.3290587192642247
CO/N=C(\C)c1ccsc1/C=C1\Oc2ccc(O)c(OC)c2-c2ccc3c(c21)C(C)=CC(C)(C)N3,-0.041392685158225
C[C@]12C[C@H](O)[C@H]3[C@@H](CCC4=CC(=O)C=C[C@@]43C)[C@@H]1CC[C@]2(O)C(=O)CO,-0.559802924350235
CC(C)(C(=O)Nc1nncs1)[C@H]1c2ccccc2Oc2nc(-c3ccccc3)ccc21,-0.8512583487190752
C=Cc1c(-c2cccc3cc[nH]c23)cc2c(c1C)NC(C)(C)[C@H](O)[C@H]2C,-0.4913616938342727
COc1c(O)ccc2c1-c1ccc3c(c1/C(=C/c1cccc(-c4cccnc4)c1)O2)C(C)=CC(C)(C)N3,-0.1760912590556812
O=C1C=C2CCN(S(=O)(=O)Nc3ccccc3)CC2(Cc2ccccc2)CC1,-3.0791812460476247
O=C1CC[C@@]2(Cc3ccccc3)c3ccc(O)cc3CC[C@@H]2C1,-0.7767011839884108
C#COc1ccc2c(c1OC)-c1ccc3c(c1[C@H](CC=C)O2)C(C)=CC(C)(C)N3,-0.6232492903979004
Cc1csc(NC(=O)C2(C)CC3c4ccccc4C2c2ccccc23)n1,-0.9395192526186184
CC(C)NC[C@]12Cc3cnn(-c4ccc(F)cc4)c3C=C1CCN(S(=O)(=O)c1ccc(C(C)(C)C)cc1)C2,-0.9800033715837464
CC1(C)O[C@@H]2C[C@H]3[C@@H]4CCC5=CC(=O)C=C[C@]5(C)[C@@]4(F)[C@@H](O)C[C@]3(C)[C@]2(C(=O)CO)O1,-0.3023309286843992
C#CC1(O)CC[C@H]2[C@@H]3CCC4=CC(=O)CC[C@@H]4[C@H]3CC[C@@]21CC,-1.8325089127062364
NS(=O)(=O)C[C@H]1COc2cc(F)ccc2N1C(=O)c1ccc2cc[nH]c2c1,-2.800001827817969
Cc1ccccc1S(=O)(=O)N1CCC2=Cc3c(cnn3-c3ccc(F)cc3)C[C@]2(C)C1,-1.3424226808222062
C=CC[C@]1(O)CC[C@H]2[C@@H]3CCC4=CC(=O)CCC4=C3[C@@H](c3ccc(P(=O)(OCC)OCC)cc3)C[C@@]21C,-1.0
COc1c(O)ccc2c1-c1ccc3c(c1/C(=C/c1sccc1CO)O2)C(C)=CC(C)(C)N3,0.1549019599857432
CC(C)(C)C(=O)NCC(C)(C)[C@@H](c1ccccc1)c1ccc2c(cnn2-c2ccc(F)cc2)c1,-0.3010299956639812
Cc1c[nH]c2c(-c3c(F)cc4c(c3F)/C(=N/OC(C)(C)C(=O)O)CC(C)(C)N4)cccc12,-3.431363764158988
CNC(=O)c1ccc(-c2ccc3c(n2)Oc2ccccc2[C@@H]3C(C)(C)C(=O)Nc2nncs2)cc1F,-0.7387805584843692
CC1=CC(C)(C)Nc2ccc3c(c21)C(c1ccc(Cl)c(C)c1)Oc1ccc(Cl)cc1-3,-1.146128035678238
CC(C)(C(=O)Nc1ccsc1)C(c1ccccc1)c1ccc2c(cnn2-c2ccc(F)cc2)c1,-1.041392685158225
Cc1cc(-c2cccc3cc[nH]c23)c(/C=N/OC(C)(C)C)c2c1NC(C)(C)[C@H](O)[C@H]2C,-0.7781512503836436
CCc1ccccc1/C=C1\Oc2ccc(F)cc2-c2ccc3c(c21)C(C)=CC(C)(C)N3,-2.431363764158988
COC(=O)[C@@]12CN(Cc3ccccc3)C[C@@H]1C[C@H]1[C@@H]3C[C@H](F)C4=CC(=O)C=C[C@]4(C)[C@@]3(F)[C@@H](O)C[C@@]12C,0.1487416512809247
Cc1csc(NC(=O)C(C)(C)C(c2ccccc2)c2ccc3c(cnn3-c3ccc(F)cc3)c2)n1,-1.146128035678238
C=C1C=C(C)CC(C)(C)C1Cc1ccc([N+](=O)[O-])c(C)c1,-3.833274639290563
O=C1C=C2CCN(S(=O)(=O)c3ccc(Cl)cc3)CC2(Cc2ccccc2)CC1,-2.285557309007774
C=CCC1Oc2cccc(OCC)c2-c2ccc3c(c21)C(C)=CC(C)(C)N3,-1.812913356642856
O=c1[nH]c2cc(/C=C3\c4ccccc4COc4cc(F)ccc43)ccc2n1[C@H]1C[C@H]2COCCN2C1,-2.8254261177678237
CCCC1O[C@@H]2C[C@H]3[C@@H]4CCC5=CC(=O)C=C[C@]5(C)[C@H]4[C@@H](O)C[C@]3(C)[C@]2(C(=O)CO)O1,-0.2219355998280052
C[C@]12CC(=O)[C@H]3[C@@H](CCC4=CC(=O)C=C[C@@]43C)[C@@H]1CC[C@]2(O)C(=O)CO,-2.7168377232995247
C[C@H]1c2c(cc(F)c(-c3cccc4cc[nH]c34)c2F)NC(C)(C)[C@@H]1OC(=O)Nc1ccc(C#N)cc1,-1.2068258760318498
CCCCC1Oc2ccc(C)cc2-c2ccc3c(c21)C(C)=CC(C)(C)N3,-1.7075701760979365
Cc1cc(-c2cccc3cc[nH]c23)c(Cl)c2c1NC(C)(C)C(=O)C2C,-0.7634279935629373
CC(C)(C(=O)Nn1nccn1)C(c1ccccc1)c1ccc2c(cnn2-c2ccc(F)cc2)c1,-1.041392685158225
Cc1cc(-c2cccc3cc[nH]c23)c(Cl)c2c1NC(C)(C)CC2=O,-2.639486489268586
O=S(=O)(c1ccccc1)N1CCC2=Cc3c(cnn3-c3ccc(F)cc3)C[C@]2(CN2CCCCC2)C1,-0.5185139398778874
CC1=CC(C)(C)Nc2ccc3c(c21)/C(=C/c1ccccc1C)Oc1ccc(F)cc1-3,-2.3729120029701067
C[C@@](O)(c1ccc(C#N)cc1)[C@H]1CCCC2=Cc3c(-c4ccc(F)cc4)ncn3C[C@@]21C,-0.3979400086720376
CC(C)(C(=O)NC(=O)C1CCC1)[C@@H]1c2ccc(-c3ccc(C(=O)N4CCOCC4)cc3)nc2Oc2c(F)cccc21,-0.9395192526186184
C=Cc1c(-c2cccc3cc[nH]c23)cc(C)c2c1[C@H](C)[C@@H](O)C(C)(C)N2,-1.292256071356476
CCCCS(=O)(=O)N1CCC2=Cc3c(cnn3-c3ccc(F)cc3)CC2(Cc2ccc(F)cc2)C1,-1.0791812460476249
COc1c(O)ccc2c1-c1ccc3c(c1/C(=C/c1ccc(F)cc1S(=O)(=O)N1CCCCC1)O2)C(C)=CC(C)(C)N3,-1.9731278535996983
NC(=O)C[C@H]1COc2cc(F)c(C3CC3)cc2N1C(=O)c1ccc2c(c1)NC(=O)CO2,-0.4000196350651585
O=C(c1ccccn1)[C@]12Cc3cnn(-c4ccc(F)cc4)c3C=C1CCN(S(=O)(=O)c1ccc(C(F)(F)F)c(F)c1)C2,-0.7516639462609866
CN(C)c1ccc(-c2ccc3c(n2)Oc2ccccc2[C@@H]3C(C)(C)C(=O)Nc2nncs2)cc1,-0.5797835966168101
Cc1ccc2c(c1)OC[C@](C)(CS(C)(=O)=O)N2C(=O)c1ccc2c(c1)NC(=O)CO2,-3.0
CC(C)(CO)NC(=O)c1ccccc1CC[C@]1(O)CCC2=Cc3c(cnn3-c3ccc(F)cc3)C[C@@]21C,-0.0
O=S(=O)(c1ccc(F)cc1)N1CCC2=Cc3c(cnn3-c3ccc(F)cc3)C[C@]2(CN2CCCC2)C1,-0.6812412373755872
CC(C)(C(=O)Nc1nccs1)C(c1ccncc1)c1ccc2c(cnn2-c2ccc(F)cc2)c1,-1.0791812460476249
Cc1cnc(NC(=O)C(C)(C)C(c2ccccc2)c2ccc3c(cnn3-c3ccc(F)cc3)c2)s1,-1.041392685158225
Cn1cc(S(=O)(=O)N2CCC3=Cc4c(cnn4-c4ccc(F)cc4)C[C@]3(C(=O)c3cc(C(F)(F)F)ccn3)C2)nn1,-0.9867717342662448
COc1c(O)ccc2c1-c1ccc3c(c1/C(=C/c1cccc(Oc4ccccc4)c1)O2)C(C)=CC(C)(C)N3,-0.6627578316815741
Cc1cccc(CN2C[C@@H]3C[C@H]4[C@@H]5C[C@H](F)C6=CC(=O)C=C[C@]6(C)[C@@]5(F)[C@@H](O)C[C@]4(C)[C@]3(C(=O)CO)C2)c1,0.2839966563652008
CN(C)C(=O)c1ccc(-c2ccc3c(n2)Oc2ccccc2[C@H]3C(C)(C)C(=O)Nc2nncs2)cc1F,-0.287801729930226
Cc1c(S(=O)(=O)N2CCC3=Cc4c(cnn4-c4ccc(F)cc4)C[C@]3(C(=O)c3cc(C(F)(F)F)ccn3)C2)cnn1C,-1.0791812460476249
Cc1cccc(Cc2c(=O)n(CCN(C)C)c(=O)[nH]c2[C@H]2CC[C@@H](c3ccccc3)CC2)c1,-0.9542425094393248
COc1cccc2c1-c1ccc3c(c1CO2)C(C)=CC(C)(C)N3,-2.318063334962761
CCN(C)C(=O)c1ccc(-c2ccc3c(n2)Oc2ccccc2[C@@H]3C(C)(C)C(=O)Nc2nncs2)cc1F,-0.2148438480476978
Cc1nnc(NC(=O)C(C)(C)C(c2ccccc2)c2ccc3c(cnn3-c3ccc(F)cc3)c2)s1,-1.3222192947339193
CCNC[C@]12Cc3cnn(-c4ccc(F)cc4)c3C=C1CCN(S(=O)(=O)c1ccc(C(C)(C)C)cc1)C2,-0.9637878273455552
C=CCC1Oc2cccc(OC(F)F)c2-c2ccc3c(c21)C(C)=CC(C)(C)N3,-0.3424226808222063
C[C@@](O)(c1ccc(Cl)cc1)[C@H]1CCCC2=Cc3c(-c4ccc(F)cc4)ncn3C[C@@]21C,-0.3010299956639812
C[C@H]1C[C@H]2[C@@H]3CC[C@](O)(C(=O)CO)[C@@]3(C)C[C@H](O)[C@@H]2[C@@]2(C)C=CC(=O)C=C12,-0.7018269303971395
COCc1ccsc1/C=C1\Oc2ccc(O)c(OC)c2-c2ccc3c(c21)C(C)=CC(C)(C)N3,0.6989700043360187
Cc1ccc(S(=O)(=O)N2CCC3=Cc4c(cnn4-c4ccc(F)cc4)CC3(Cc3ccc(F)cc3)C2)cc1,-0.9661417327390326
COc1c(O)ccc2c1-c1ccc3c(c1/C(=C/c1cccc(O)c1)O2)C(C)=CC(C)(C)N3,-0.146128035678238
Cc1cc(-c2cccc3cc[nH]c23)c(C#N)c2c1NC(C)(C)[C@H](O)[C@H]2C,-0.1139433523068367
COc1ccc(C(c2ccccc2)C(C)(C)C(=O)Nc2nccs2)cc1,-0.7558748556724915
Cc1ccccc1-c1ccc2c(n1)Oc1ccccc1[C@@H]2C(C)(C)C(=O)Nc1nncs1,-1.021189299069938
Cc1cc(-c2cccc3cc[nH]c23)c(Cl)c2c1NC(C)(C)C(=O)C2(C)Cc1ccccc1,-2.531478917042255
CO[C@](C)(c1cccs1)[C@H]1CCCC2=Cc3c(-c4ccc(F)cc4)ncn3C[C@@]21C,-1.5185139398778875
Cc1cccc(S(=O)(=O)N2CCC3=Cc4c(cnn4-c4ccc(F)cc4)C[C@]3(C(=O)c3cc(C)ccn3)C2)c1,-0.2278867046136735
C#C[C@]1(O)CC[C@H]2[C@@H]3CCC4=CC(=O)CCC4=C3[C@@H](c3ccc(N(C)CCCOC4CC[C@]5(C)[C@H]6C[C@H](O)[C@@]7(C)[C@@H](CC[C@@H]7[C@H](C)CCC(=O)O)[C@@H]6[C@H](O)C[C@@H]5C4)cc3)C[C@@]21C,0.1804560644581313
Cc1cccc(S(=O)(=O)N2CCC3=Cc4c(cnn4-c4ccc(F)cc4)C[C@]3(C(=O)c3cccc(C)n3)C2)c1,-0.8512583487190752
CCCCC1Oc2ccccc2-c2ccc3c(c21)C(C)=CC(C)(C)N3,-2.910090545594068
C[C@H]1c2c(cc(F)c(-c3cccc4cc[nH]c34)c2F)NC(C)(C)[C@@H]1OC(=O)Nc1cccc(C#N)c1,-1.136720567156407
COc1cc(CC2C(C)(C)CC(C)=CC23CC3)c(OC(C)=O)cc1Br,-3.4099331233312946
CC(=O)[C@@]1(O)CC[C@H]2[C@@H]3C[C@H](C)C4=CC(=O)CC[C@]4(C)[C@H]3CC[C@@]21C,-0.9343469267382556
C[C@]12Cn3cnc(-c4ccc(F)cc4)c3C=C1CCC[C@@H]2[C@](C)(O)C1CCOCC1,-0.3010299956639812
COc1ccc(S(=O)(=O)N2CCC3=CC(=O)CCC3(Cc3ccccc3)C2)cc1,-2.3344537511509307
CC(C)(C(=O)Nc1nncs1)[C@H]1c2ccccc2Oc2nc(-c3ccc(C(=O)N4CCC(F)(F)C4)c(Cl)c3)ccc21,-0.4885507165004442
CC1=CC(C)(C)Nc2ccc3c(c21)C(c1cc(C)cc(Br)c1)Oc1ccccc1-3,-1.6232492903979006
CC(C)(O)c1ccc(-c2ccc3c(n2)Oc2c(F)cccc2[C@@H]3C(C)(C)C(=O)NC(N)=O)cn1,-0.6020599913279624
C=CCC1Oc2cccc(Cl)c2-c2ccc3c(c21)C(C)=CC(C)(C)N3,-0.2787536009528289
Cc1ccc(CN2C[C@@H]3C[C@H]4[C@@H]5C[C@H](F)C6=CC(=O)C=C[C@]6(C)[C@@]5(F)[C@@H](O)C[C@]4(C)[C@]3(C(=O)CO)C2)cc1,0.2839966563652008
CCCC1Oc2cccc(OC)c2-c2ccc3c(c21)C(C)=CC(C)(C)N3,-0.6989700043360189
CC1=CC(C)(C)Nc2ccc3c(c21)/C(=C/c1ccccc1C)Oc1ccccc1-3,-2.751279103983342
Fc1ccc(CC23Cc4cnn(-c5ccc(F)cc5)c4C=C2CCN(Cc2ccncc2)C3)cc1,-1.6127838567197357
C[C@]12CC[C@@H]3c4ccc(O)cc4CC[C@H]3[C@@H]1C[C@@H](O)[C@@H]2O,-4.252464661195994
CC1=CC(C)(C)Nc2ccc3c(c21)/C(=C/c1ccccc1)Oc1ccccc1-3,-2.4756711883244296
