Cc1cnc(COc2ccc3nc([C@@H]4CCCC[C@@H]4C(=O)O)n(Cc4ccc(Br)cc4)c3c2)c(F)c1,8.96
Nc1cnc(-c2ccc(-c3ccccc3S(=O)(=O)N3CCNC(=O)C3)cc2F)cn1,7.68
CC(C)(C#N)S(=O)(=O)c1ccccc1-c1ccc(-c2cnc(N)cn2)c(F)c1,7.49
O=C(O)[C@@H]1CCCC[C@@H]1c1nc2cc(OCc3ccc4cccc(F)c4n3)ccc2n1Cc1ccc(Br)cc1,7.36
CC(C)(Cc1nc2cc(OCc3ccc4ccccc4n3)ccc2n1Cc1ccc(-c2ccc(C#N)cc2)cc1)C(=O)O,6.48
Nc1cnc(-c2ccc(C3CCC3)c(Oc3cc(=O)nc[nH]3)c2F)cn1,8.1
C[C@@H](CO)Oc1ncccc1-c1ccc(-c2cnc(N)cn2)c(F)c1,6.3
Cc1cc(-c2ccccc2S(=O)(=O)NC(C)(C)C)ccc1-c1cnc(N)cn1,7.15
C[C@H](NC(=O)c1ccccc1-c1ccc(-c2cnc(N)nc2)c(F)c1)C(F)(F)F,6.11
CCNS(=O)(=O)Cc1ccccc1-c1ccc(-c2cnc(N)cn2)c(F)c1,6.87
Cc1ccc(Cn2c(CC3(C(=O)O)CCCC3)nc3c(F)cc(OCc4ccc(C)cn4)cc32)cc1,7.28
Nc1ncc(-c2ccc(-c3ccccc3Oc3ccnc(N)n3)cc2F)cn1,7.92
CCN(CC)S(=O)(=O)c1ccccc1-c1ccc(-c2csc(N)n2)c(F)c1,7.6
COc1cnc(Oc2c(C3CCC3)ccc(-c3cnc(N)cn3)c2F)nc1,7.57
CC(C)(C)NC(=O)c1cc(C(F)(F)F)ccc1-c1ccc(-c2cnc(N)nc2)c(F)c1,7.48
Nc1cnc(-c2ccc(C3CCC3)c(Oc3cccnn3)c2F)cn1,7.75
Nc1cnc(-c2ccc(-c3ccc(C(F)(F)F)cc3C(=O)N3CCC(O)CC3)cc2F)cn1,8.07
Nc1cnc(-c2ccc(-c3ccccc3CSc3cccnn3)cc2F)cn1,8.22
C[C@H](CO)NS(=O)(=O)c1ccccc1-c1ccc(-c2cnc(N)nc2)nc1,6.17
Cc1cnc(COc2ccc3nc(CC(C)(C)C(=O)O)n(Cc4ccc(OC(F)(F)F)cc4F)c3c2)c(F)c1,7.62
Cc1cnc(COc2ccc3nc(CC(C)(C)C(=O)O)n(Cc4ccc(N5CCC(C(C)(C)C)CC5)cc4)c3c2)c(F)c1,7.82
NC(=O)c1ccnc(Oc2c(C3CCC3)ccc(-c3cnc(N)nc3)c2F)n1,6.69
Nc1cnc(-c2ccc(-c3ccccc3S(=O)(=O)NCC3CCC3)cc2F)cn1,8.52
Nc1cnc(-c2ccc(C3CCCCC3)c(Oc3ncccn3)c2F)cn1,7.44
CCN(CC)S(=O)(=O)c1ccccc1-c1ccc(-c2cnc(N)cn2)c(F)c1,9.0
Nc1cnc(-c2ccc(C3CCC3)c(OCc3cccc(F)c3)c2F)cn1,6.65
C[C@@H](NC(=O)c1ccccc1-c1ccc(-c2cnc(N)cn2)c(F)c1)C(F)(F)F,6.67
Nc1ncc(-c2ccc(-c3ccccc3Oc3cc(C4CC4)ncn3)cc2F)cn1,7.73
CC(C)CS(=O)(=O)c1ccccc1-c1ccc(-c2cnc(N)cn2)c(F)c1,7.59
N#CC1CN(S(=O)(=O)c2ccccc2-c2ccc(-c3cnc(N)nc3)c(F)c2)C1,7.05
Nc1cc(Sc2ccccc2-c2ccc(-c3cnc(N)nc3)c(F)c2)ncn1,7.92
Cc1ccc(COc2ccc3nc([C@H]4CCCC[C@H]4C(=O)O)n(Cc4c(F)cc(Br)cc4F)c3c2)nc1,8.96
CS(=O)(=O)Cc1ccccc1-c1ccc(-c2cnc(N)cn2)c(F)c1,5.94
Oc1c(C2CCC2)ccc(-c2cnc3c(c2)CCN3)c1F,7.62
Nc1ncc(-c2ccc(-c3ccccc3S(=O)(=O)N3CCNC(=O)C3)cc2F)cn1,6.4
O=C(O)C1(Cc2nc3cc(OCc4ccc5ccccc5n4)ccc3n2Cc2ccc(OC(F)(F)F)cc2)CCCC1,7.77
Nc1cnc(-c2ccc(-c3ccccc3OCC(=O)O)cc2F)cn1,5.72
COc1nc(N)cc(Oc2c(C3CCC3)ccc(-c3cnc(N)cn3)c2F)n1,9.0
CC(C)(C)NS(=O)(=O)c1ccccc1-c1ccc(-c2ccc(N)nc2)c(F)c1,8.7
CN(C)c1ccc(-c2ccc(Cn3c(CC4(C(=O)O)CCCC4)nc4cc(OCc5ccc6ccccc6n5)ccc43)cc2)cn1,6.77
Nc1ncc(-c2ccc(-c3ccccc3Sc3ncccn3)cc2F)cn1,7.19
N#Cc1cccc(COc2ccccc2-c2ccc(-c3cnc(N)cn3)c(F)c2)n1,7.47
N#Cc1cccnc1COc1ccccc1-c1ccc(-c2cnc(N)cn2)c(F)c1,8.1
Cc1nc(Oc2c(C3CCC3)ccc(-c3cnc(N)cn3)c2F)cc(N(C)C)n1,8.48
CCS(=O)(=O)Cc1ccccc1-c1ccc(-c2cnc(N)cn2)c(F)c1,6.61
Nc1cnc(-c2ccc(C3CCC3)c(OCC3CCC3)c2F)cn1,6.52
Nc1nccc(Oc2ccccc2-c2ccc(-c3cnc4[nH]ccc4c3)c(F)c2)n1,9.0
Nc1cnc(-c2ccc(-c3ccccc3S(=O)(=O)NCC3(O)CNC3)cc2F)cn1,8.3
Nc1cnc(-c2ccc(-c3ccccc3S(=O)(=O)N3CC[C@H](CO)C3)cc2F)cn1,8.15
Nc1cnc(-c2ccc(C3CCC3)c(OCC3CC3)c2F)cn1,7.74
Cc1cnc(COc2ccc3nc(CC(C)(C)C(=O)O)n(Cc4ccc(-c5ccc(C(F)(F)F)cc5)cc4F)c3c2)c(F)c1,8.29
CC[C@@H](CO)NS(=O)(=O)c1ccccc1-c1ccc(-c2cnc(N)cn2)c(F)c1,8.52
CC1(C)[C@@H](C(=O)O)[C@H]1c1nc2cc(OCc3ccc4ccccc4n3)ccc2n1Cc1cccc(-c2ccc(F)cc2)c1,7.07
COc1c(C2CCCC2)ccc(-c2cnc(N)cn2)c1F,6.28
Nc1ncc(-c2ccc(-c3ccccc3S(=O)(=O)N[C@H]3CCCC[C@@H]3O)cc2F)cn1,8.0
Cc1ccc(COc2ccc3nc(C4CCCC[C@H]4C(=O)O)n(Cc4ccc(N5CCC(F)(F)CC5)cc4)c3c2)nc1,8.43
Nc1ccc(Oc2ccccc2-c2ccc(-c3cnc(N)nc3)c(F)c2)nc1,8.3
CC(C)(Cc1nc2cc(OCc3ccc4ccccc4n3)ccc2n1Cc1ccc(-c2ccccc2C(N)=O)cc1)C(=O)O,5.6
Cc1ccc(COc2ccc3nc([C@@H]4CCCC[C@H]4C(=O)O)n(Cc4ccc(Br)cc4)c3c2)nc1,8.66
[C-]#[N+]c1cc(S(C)(=O)=O)ccc1Oc1c(C2CCC2)ccc(-c2cnc(N)cn2)c1F,7.77
C[C@H]1CNCCN1S(=O)(=O)c1ccccc1-c1ccc(-c2cnc(N)cn2)c(F)c1,7.82
COc1ccc(-c2ccc(Cn3c([C@H]4CCCC[C@H]4C(=O)O)nc4cc(OCc5nc6ccccc6s5)ccc43)cc2)cn1,7.37
Nc1cnc(-c2ccc(-c3ccccc3Oc3ccnc(N)n3)cc2F)cn1,8.3
COc1ncc(-c2ccc(Cn3c(CC(C)(C)C(=O)O)nc4cc(OCc5ccc6ccccc6n5)ccc43)cc2)cn1,6.51
Cn1ccc(COc2ccc3nc([C@@H]4[C@H](C(=O)O)C4(C)C)n(Cc4ccc(Br)cc4)c3c2)n1,6.3
O=C(c1ccccc1-c1ccc(-c2cnc3[nH]ccc3n2)c(F)c1)N1CCOCC1,7.32
Nc1ncc(-c2ccc(-c3ccc(C(F)(F)F)cc3C(=O)N3CCOCC3)cc2F)cn1,6.46
Cc1cc(C)nc(Oc2c(C3CCC3)ccc(-c3cnc(N)nc3)c2F)n1,7.83
Nc1cnc(-c2ccc(-c3ccccc3CS(=O)(=O)N[C@H]3CC[C@H](O)CC3)cc2F)cn1,6.68
CC(C)(Cc1nc2cc(OCc3ccc4ccccc4n3)ccc2n1Cc1ccc(-n2cccn2)cc1)C(=O)O,6.8
Nc1cnc(-c2ccc(C3CCC3)c(OCCNc3ccncn3)c2F)cn1,7.84
N#Cc1nc(-c2ccc(-c3ccccc3S(=O)(=O)NCCO)cc2F)cnc1N,7.72
Cc1ccc(COc2ccc3nc([C@@H]4CCCC[C@@H]4C(=O)O)n(Cc4ccc(N5CC(F)(F)C5)cc4)c3c2)nc1,8.42
CC(C)(C)NS(=O)(=O)c1ccccc1-c1ccc(-c2cnc3[nH]ccc3n2)c(F)c1,9.0
CC1(C)[C@@H](C(=O)O)[C@H]1c1nc2cc(OCc3ccc4ccccc4n3)ccc2n1Cc1ccc(F)cc1F,7.1
Cn1nccc1-c1ccc(Cn2c(CC(C)(C)C(=O)O)nc3cc(OCc4ccc5ccccc5n4)ccc32)cc1,5.68
CC(C)(C)NS(=O)(=O)c1ccccc1-c1ccc(-c2nnc(N)s2)c(F)c1,9.0
CS(=O)(=O)N1CCC(COc2c(C3CCC3)ccc(-c3cnc(N)cn3)c2F)CC1,6.12
Nc1cnc(-c2ccc(C3CCC3)c(OCCc3ccc(C(=O)O)cc3)c2F)cn1,7.15
CS(=O)(=O)c1ccccc1-c1ccc(-c2cnc(N)cn2)c(F)c1F,7.39
Nc1cnc(-c2ccc(C3CCC3)c(OCc3cc(S(F)(F)(F)(F)F)ccc3F)c2F)cn1,6.7
Nc1cnc(-c2ccc(-c3ccccc3S(=O)(=O)N[C@H]3CCNC3=O)cc2F)cn1,7.8
NC(=O)c1ccccc1-c1ccc(-c2cnc(N)cn2)c(F)c1,5.6
C[C@H](O)CNS(=O)(=O)c1ccccc1-c1ccc(-c2cnc(N)nc2)c(F)c1,7.295
Nc1cnc(-c2ccc(-c3ccccc3S(=O)(=O)N3CCN(C4CC4)CC3)cc2F)cn1,7.55
CC(C)S(=O)(=O)Nc1ccccc1-c1ccc(-c2cnc(N)cn2)c(F)c1,7.51
Nc1cnc(-c2ccc(C3CCC3)c(Oc3nccc(N)n3)c2F)cn1,8.22
N#Cc1cccc(Oc2c(C3CCC3)ccc(-c3cnc(N)cn3)c2F)n1,8.72
Cc1cnc(COc2ccc3nc([C@H]4CCCC[C@H]4C(=O)O)n(Cc4ccc(-c5ccc(C(F)(F)F)cc5)cc4)c3c2)c(F)c1,9.33
Nc1ccnc(Oc2c(C3CCC3)ccc(-c3cnc(N)nc3)c2F)n1,7.65
Nc1cnc(-c2ccc(-c3cccnc3N3CCCC3)cc2F)cn1,5.9
O=C(O)[C@H]1CCCCC1c1nc2cc(OCc3ccc4ccccc4n3)ccc2n1Cc1cccc(-c2ccc(C(F)(F)F)cc2)c1,7.35
CC(C)(C)NS(=O)(=O)c1ccccc1-c1ccc(-c2ncc(N)nc2C#N)c(F)c1,8.05
CC(C)Oc1c(C2CCCC2)ccc(-c2cnc(N)cn2)c1F,7.04
Cc1cnc(COc2ccc3nc(CC(C)(C)C(=O)O)n(Cc4c(F)cc(Br)cc4F)c3c2)c(F)c1,7.82
C[C@H](NC(=O)c1cc(C(F)(F)F)ccc1-c1ccc(-c2cnc(N)nc2)c(F)c1)C(F)(F)F,7.75
Nc1cnc(-c2ccc(-c3ccccc3S(=O)(=O)N3CCCC(CCO)C3)cc2F)cn1,8.7
Nc1cnc(-c2ccc(-c3ccccc3NS(=O)(=O)C3CCC3)cc2F)cn1,7.85
Cc1ccc(Cn2c([C@@H]3CCCC[C@@H]3C(=O)O)nc3c(F)cc(OCc4ccn(C)n4)cc32)cc1,8.12
CC(C)(Cc1nc2cc(OCc3ccc4ccccc4n3)ccc2n1Cc1ccc(-c2ccccn2)cc1)C(=O)O,6.12
COc1ncc(-c2ccccc2-c2ccc(-c3cnc(N)cn3)c(F)c2)cn1,7.98
CC(C)CCc1ccc(-c2cnc(N)cn2)c(F)c1Oc1nccc(N)n1,6.28
Cc1ccc(COc2cc(F)c3nc(CC(C)(C)C(=O)O)n(Cc4ccc(Br)cc4)c3c2)nc1,7.29
Cc1ccc(COc2cc(F)c3nc(C4[C@H](C(=O)O)C4(C)C)n(Cc4ccc(OC(F)(F)F)cc4)c3c2)nc1,7.12
N#Cc1ncc(-c2ccccc2-c2ccc(-c3cnc(N)cn3)c(F)c2)cn1,7.45
Nc1ccnc(Oc2c(C3CCC3)ccc(-c3cnc4c(c3)OCCN4)c2F)n1,8.85
Nc1cnc(-c2ccc(-c3c(F)cccc3F)cc2F)cn1,6.6
CC1(NS(=O)(=O)c2ccccc2-c2ccc(-c3cnc(N)cn3)c(F)c2)CCC1,8.7
COc1ncccc1-c1ccc(-c2cnc(N)cn2)c(F)c1,6.81
CC(C)c1ccccc1-c1ccc(-c2cnc(N)cn2)c(F)c1,6.92
Nc1ncc(-c2ccc(-c3ccc(C(F)(F)F)cc3Oc3ncccn3)cn2)cn1,6.7
CN([C@H]1CCCNC1)S(=O)(=O)c1ccccc1-c1ccc(-c2cnc(N)nc2)c(F)c1,7.46
COc1ccc(-c2ccc(Cn3c([C@@H]4CC4(C)C)nc4cc(OCc5ccc6ccccc6n5)ccc43)c(F)c2)cn1,6.39
Nc1cnc(-c2ccc(-c3ccccc3S(=O)(=O)N3CCCCCC3)cc2F)cn1,8.52
Cc1cc(OC(F)(F)F)ccc1Cn1c([C@@H]2CCCC[C@@H]2C(=O)O)nc2ccc(OCc3ccn(C)n3)cc21,7.74
Nc1cnc(-c2ccc(-c3cccnc3OC3CCOCC3)cc2F)cn1,7.76
CCN1CCCC[C@@H](NS(=O)(=O)c2ccccc2-c2ccc(-c3cnc(N)cn3)c(F)c2)C1=O,7.54
CC(C)(Cc1nc2cc(OCc3ccc4ccccc4n3)ccc2n1Cc1ccc(-c2ccc(S(C)(=O)=O)cc2)cc1)C(=O)O,6.08
CCCCCCS(=O)(=O)Nc1ccccc1-c1ccc(-c2cnc(N)cn2)c(F)c1,8.1
CC1CN(S(=O)(=O)c2ccccc2-c2ccc(-c3cnc(N)cn3)c(F)c2)CC(C)N1,6.85
CC(C)(C)c1ccc(-c2cnc(N)cn2)cc1OCc1ccccc1,6.21
CC(C)(C)c1ccc(-c2cnc(N)nc2)c(F)c1O[Si](C)(C)C(C)(C)C,6.11
Fc1c(-c2cnc3[nH]ccc3n2)ccc(C2CCC2)c1OCc1ccc(C(F)(F)F)cc1,7.0
Nc1cnc(-c2ccc(-c3ccc(C(F)(F)F)cc3CN3CCOCC3)cc2F)cn1,8.72
Cc1nccc(Oc2ccccc2-c2ccc(-c3cnc(N)nc3)c(F)c2)n1,6.97
Cc1cnc(COc2ccc3nc([C@@H]4CCCC[C@@H]4C(=O)O)n(Cc4ccc(N5CCCCC5)cc4)c3c2)c(F)c1,8.89
Nc1cnc(-c2ccc(-c3ccccc3S(=O)(=O)N3CCN(C(=O)C4CC4)CC3)cc2F)cn1,8.3
COc1c(C2CCC2)ccc(-c2cnc3c(c2)CCN3)c1F,7.73
CC(C)(C)c1ccc(-c2cnc(N)nc2)c(F)c1Oc1nccc(N)n1,7.63
Cc1cc(Oc2c(C3CCC3)ccc(-c3cnc(N)cn3)c2F)nc(N)n1,8.15
Nc1cnc(-c2ccc(-c3ccccc3S(=O)(=O)NC[C@@H](O)CO)cc2F)cn1,7.6
N#Cc1nc(N)cnc1-c1ccc(-c2ccccc2S(=O)(=O)N2CCS(=O)(=O)CC2)cc1F,6.99
C[C@@H]1COCCN1C(=O)c1ccccc1-c1ccc(-c2cnc(N)nc2)c(F)c1,5.6
Cc1cnc(COc2ccc3nc(CC(C)(C)C(=O)O)n(Cc4ccc(N5CCC(C)CC5)cc4)c3c2)c(F)c1,7.6
Nc1cnc(-c2ccc(-c3ccccc3CS(=O)(=O)N3CCC(N)CC3)cc2F)cn1,5.97
Nc1cnc(-c2ccc(-c3ccccc3Sc3cc(N)ncn3)cc2F)cn1,8.7
Cc1nc(N)cc(Oc2c(C3CCC3)ccc(-c3cnc(N)cn3)c2F)n1,8.89
CC1(C)[C@@H](C(=O)O)[C@H]1c1nc2cc(OCc3ccc4ccccc4n3)ccc2n1Cc1cccc(-c2ccc(F)c(F)c2)c1,7.22
Cn1ccc(-c2ccc(Cn3c(CC(C)(C)C(=O)O)nc4cc(OCc5ccc6ccccc6n5)ccc43)cc2)n1,6.82
CCOC(=O)c1ccc(COc2c(C3CCC3)ccc(-c3cnc(N)cn3)c2F)o1,6.56
Cc1ccc(COc2ccc3nc(C4CCCCC4C(=O)O)n(Cc4ccc(-c5ccc(C(F)(F)F)cc5)cc4)c3c2)nc1,7.96
C[C@@H](NC(=O)c1cc(C(F)(F)F)ccc1-c1ccc(-c2cnc(N)cn2)c(F)c1)C(F)(F)F,8.04
Nc1cnc(-c2ccc(C3CCC3)c(OCc3cccc(S(F)(F)(F)(F)F)c3)c2F)cn1,6.52
CC(C)S(=O)(=O)Cc1ccccc1-c1ccc(-c2cnc(N)cn2)c(F)c1,7.09
CC(C)(C)NS(=O)(=O)c1ccccc1-c1ccc(-c2cnc3cc[nH]c3c2)c(F)c1,8.7
CC(C)CNS(=O)(=O)c1ccccc1-c1ccc(-c2cnc(N)nc2)c(F)c1,8.7
COc1cc(-c2ccccc2S(=O)(=O)NC(C)(C)C)ccc1-c1cnc(N)cn1,7.46
Cc1ccc(Cn2c(C3CCCC[C@H]3C(=O)O)nc3c(F)cc(OCc4ccc(C)cn4)cc32)cc1,7.85
Nc1cnc(-c2ccc(C3CCC3)c(OCc3ccccc3-c3nn[nH]n3)c2F)cn1,8.22
COc1ncc(-c2cccc(Cn3c(CC4(C(=O)O)CCCC4)nc4cc(OCc5ccc6ccccc6n5)ccc43)c2)cn1,7.92
CC(C)(NS(=O)(=O)c1ccccc1-c1ccc(-c2ccc(N)nc2)c(F)c1)C(F)(F)F,8.7
Nc1nnc(-c2ccc(-c3ccccc3S(=O)(=O)N3CCS(=O)(=O)CC3)cc2F)s1,7.51
CC(C)Cc1ccc(-c2cnc(N)cn2)c(F)c1Oc1nccc(N)n1,6.95
CCSc1ccccc1-c1ccc(-c2cnc3[nH]ccc3n2)c(F)c1,8.4
Cn1ccc(COc2cc(F)c3nc([C@@H]4CCCC[C@@H]4C(=O)O)n(Cc4ccc(Br)cc4)c3c2)n1,8.96
C[C@H](CO)NS(=O)(=O)c1ccccc1-c1ccc(-c2cnc3[nH]ccc3c2)c(F)c1,9.0
Nc1cnc(-c2ccc(-c3ccccc3S(=O)(=O)N[C@H]3CC[C@H](O)CC3)cc2F)cn1,8.52
Cc1ccc(COc2ccc3nc(C4CCCC[C@H]4C(=O)O)n(Cc4ccc(N5CCC(F)(F)C5)cc4)c3c2)nc1,8.62
Nc1ncc(-c2ccc(-c3ccccc3S(=O)(=O)N3CCOCC3)cc2F)cn1,6.21
COc1ccc(S(F)(F)(F)(F)F)cc1COc1c(C2CCC2)ccc(-c2cnc(N)cn2)c1F,6.6
Nc1cnc(-c2ccc(C3CCC3)c(OCC3CCCCC3)c2F)cn1,6.21
Cn1ccc(COc2cc(F)c3nc([C@@H]4CCCC[C@@H]4C(=O)O)n(Cc4ccc(N5CCCCC5)cc4)c3c2)n1,7.92
Cc1cnc(COc2ccc3nc([C@H]4CCCC[C@@H]4C(=O)O)n(Cc4c(F)cc(Br)cc4F)c3c2)c(F)c1,9.28
COc1ncc(-c2ccc(Cn3c(C4CCCC[C@H]4C(=O)O)nc4ccc(OCc5ccc(C)cn5)cc43)cc2)cn1,7.19
Nc1ncc(-c2ccc(-c3ccc(C(F)(F)F)cc3S(=O)(=O)N3CCNC(=O)C3)cc2F)cn1,7.72
Nc1cnc(-c2ccc(C3CCC3)c(OCC(O)Cn3cnccc3=O)c2F)cn1,6.44
Nc1cnc(-c2ccc(C3CCC3)c(Oc3ccc(S(F)(F)(F)(F)F)cc3)c2F)cn1,6.53
Nc1cnc(-c2ccc(C3CCC3)c(Oc3cc(N)ncn3)c2F)cn1,8.46
Nc1cnc(-c2ccc(C3CCC3)c(Oc3nccc(N4CCC5(CC4)OCCCO5)n3)c2F)cn1,8.92
Cc1ccc(Cn2c(CC(C)(C)C(=O)O)nc3cc(OCc4ccc5ccccc5n4)ccc32)cc1,6.82
NC(=O)c1cccc(COc2c(C3CCC3)ccc(-c3cnc4c(c3)OCCN4)c2F)c1,8.28
Nc1cnc(-c2ccc(-c3ccccc3S(=O)(=O)N3CCOCC3)cc2)cn1,6.94
Cc1ccc(COc2ccc3nc(CC(C)(C)C(=O)O)n(Cc4ccc(Br)cc4)c3c2)nc1,6.89
Nc1cnc(-c2ccc(-c3ccccc3S(=O)(=O)N3CCC(N)CC3)cc2F)cn1,7.31
Cc1ccc(COc2ccc3nc([C@H]4CCCC[C@H]4C(=O)O)n(Cc4ccc(Br)cc4)c3c2)nc1,6.08
Nc1ncc(-c2ccc(-c3ccccc3S(=O)(=O)N3CCCCCC3)cn2)cn1,7.28
Cc1ccc(COc2ccc3nc([C@H]4CCCC[C@H]4C(=O)O)n(Cc4ccc(Br)cc4F)c3c2)nc1,5.7
Nc1cnc(-c2ccc(-c3ccccc3S(=O)(=O)NCCc3ccccc3)cc2F)cn1,8.7
CC(C)(CO)CNS(=O)(=O)c1ccccc1-c1ccc(-c2ncc(N)nc2C#N)c(F)c1,8.62
Nc1cnc(-c2ccc(-c3ccccc3OC(F)(F)F)cc2F)cn1,6.12
CC(C)(C)[C@@H](CO)NS(=O)(=O)c1ccccc1-c1ccc(-c2cnc(N)nc2)c(F)c1,7.24
Nc1cnc(-c2ccc(C3CCC3)c(Oc3ncccc3C(F)(F)F)c2F)cn1,6.6
Oc1c(C2CCC2)ccc(-c2cnc3[nH]ccc3c2)c1F,7.66
Nc1cnc(-c2ccc(-c3ccccc3S(=O)(=O)N3CC[C@H](O)C3)cc2F)cn1,8.05
N#CCOc1ccccc1-c1ccc(-c2cnc(N)cn2)c(F)c1,7.1
CCC(CC)(Cc1nc2ccc(OCc3ccc(C)cn3)cc2n1Cc1ccc(OC(F)(F)F)cc1)C(=O)O,7.62
Nc1cnc(-c2ccc(-c3cccnc3S(=O)(=O)C3CCS(=O)(=O)CC3)cc2F)cn1,8.48
CNS(=O)(=O)c1ccccc1-c1ccc(-c2cnc(N)nc2)c(F)c1,6.99
Nc1cnc(-c2ccc(-c3ccccc3S(=O)(=O)N3CCC(n4cn[nH]c4=O)CC3)cc2F)cn1,8.4
CC(C)(C)NS(=O)(=O)c1ccccc1-c1ccc(-c2csc(N)n2)c(F)c1,8.0
Cn1ccc(COc2cc(F)c3nc([C@@H]4CCCC[C@@H]4C(=O)O)n(Cc4ccc(OC(F)(F)F)cc4)c3c2)n1,8.44
CC(C)(O)CNS(=O)(=O)c1ccccc1-c1ccc(-c2cnc(N)cn2)c(F)c1,8.7
Cc1cc(C)nc(Oc2ccccc2-c2ccc(-c3cnc(N)nc3)c(F)c2)n1,6.61
COc1c(C2CCC2)ccc(-c2cnc3c(c2)OCCN3)c1F,7.85
CCOC(=O)CCCOc1c(C2CCC2)ccc(-c2cnc(N)cn2)c1F,7.21
CNS(=O)(=O)c1ccccc1-c1ccc(-c2cnc3[nH]ccc3c2)c(F)c1,8.7
CC(=O)N1CCN(S(=O)(=O)c2ccccc2-c2ccc(-c3cnc(N)cn3)c(F)c2)CC1,7.82
CS(=O)(=O)c1ccc(Oc2c(C3CCC3)ccc(-c3cnc(N)cn3)c2F)cc1,7.84
CC1(C)[C@@H](C(=O)O)[C@H]1c1nc2cc(OCc3ccc4ccccc4n3)ccc2n1Cc1cccc(-c2cscn2)c1,7.46
Nc1cnc(-c2ccc(C3CCC3)c(Oc3ccc(C(F)(F)F)nn3)c2F)cn1,7.08
Nc1ncc(-c2ccc(-c3ccccc3S(=O)(=O)N3CCCC(O)C3)cc2F)cc1F,7.64
O=C(O)C1(Cc2nc3cc(OCc4ccc5ccccc5n4)ccc3n2Cc2cccc(Br)c2)CCCC1,7.85
O=C(O)[C@@H]1CCCC[C@@H]1c1nc2cc(OCc3ccc4ccccc4n3)ccc2n1Cc1ccc(-c2ccc(C(F)(F)F)nc2)cc1,7.39
CC(C)(C)NS(=O)(=O)c1ccccc1-c1ccc(-c2coc(N)n2)c(F)c1,8.1
CC1(C)[C@@H](C(=O)O)[C@H]1c1nc2cc(OCc3ccc4ccccc4n3)ccc2n1Cc1ccc(Cl)cc1Cl,7.43
CNC1CCN(S(=O)(=O)c2ccccc2-c2ccc(-c3cnc(N)cn3)c(F)c2)CC1,6.95
CC(C)(Cc1nc2cc(OCc3ccc4ccccc4n3)ccc2n1Cc1ccc(-c2nccs2)cc1)C(=O)O,6.85
Cn1ccc(COc2ccc3nc(C4CCCC[C@H]4C(=O)O)n(Cc4ccc(Br)cc4)c3c2)n1,8.185
Cn1cc(Cl)c(COc2ccc3nc([C@@H]4CCCC[C@@H]4C(=O)O)n(Cc4ccc(Br)cc4)c3c2)n1,8.54
Nc1cnc(-c2ccc(C3CCC3)c(OCc3ccccc3C(=O)O)c2F)cn1,8.1
CCS(=O)(=O)N(C)c1ccccc1-c1ccc(-c2cnc(N)cn2)c(F)c1,7.49
CC(C)N(CCO)S(=O)(=O)c1ccccc1-c1ccc(-c2cnc(N)nc2)c(F)c1,8.22
Nc1ncc(-c2ccc(-c3ccccc3S(=O)(=O)NCCO)cc2F)cn1,7.19
Nc1cnc(-c2ccc(-c3ccccc3C(=O)N3CCC[C@@H](O)C3)cc2F)cn1,6.8
Nc1ncc(-c2ccc(-c3ccccc3S(=O)(=O)N3CCN(C4CC4)CC3)cc2F)cn1,7.21
N#Cc1ccc(COc2c(C3CCC3)ccc(-c3cnc(N)cn3)c2F)cn1,7.4
Nc1cnc(-c2ccc(C3CCC3)c(Oc3ccc(C(F)(F)F)c(C(F)(F)F)c3)c2F)cn1,6.52
Nc1cnc(-c2ccc(C3CCC3)c(Oc3cc(Cl)nc(N)n3)c2F)cn1,8.54
COc1ccc(-c2ccc(Cn3c(CC(C)(C)C(=O)O)nc4cc(OCc5ccc6ccccc6n5)ccc43)cc2)cn1,6.77
CC(C)c1cc(Oc2c(C3CCC3)ccc(-c3cnc(N)nc3)c2F)nc(N)n1,8.55
Nc1cnc(-c2ccc(C3CCC3)c(OCc3ccc(S(F)(F)(F)(F)F)cc3F)c2F)cn1,6.76
Nc1cnc(Sc2ccccc2-c2ccc(-c3cnc(N)nc3)c(F)c2)cn1,7.81
Cn1ccc(COc2ccc3nc([C@@H]4CCCC[C@@H]4C(=O)O)n(Cc4ccc(OC(F)(F)F)cc4F)c3c2F)n1,8.18
COc1ccc(-c2cccc(Cn3c(CC(C)(C)C(=O)O)nc4cc(OCc5ccc6ccccc6n5)ccc43)c2)cn1,7.3
CS(=O)(=O)c1ccccc1-c1ccc(-c2cnc3c(c2)OCCN3)c(F)c1,7.38
Nc1cnc(-c2ccc(-c3ccccc3SCCNC(=O)c3ccccc3)cc2F)cn1,8.4
CC(C)(C)NC(=O)c1ccccc1-c1ccc(-c2cnc(N)cn2)c(F)c1,6.44
CC(C)(Cc1nc2cc(OCc3ccc4ccccc4n3)ccc2n1Cc1ccc(-c2ccc(C(F)(F)F)nc2)cc1)C(=O)O,6.51
Cc1ccc(COc2ccc3nc(CC4(C(=O)O)CCCC4)n(Cc4ccc(Br)cc4)c3c2)nc1,7.74
C[C@@H]([C@@H](O)c1ccccc1)N(C)S(=O)(=O)c1ccccc1-c1ccc(-c2cnc(N)c(F)c2)c(F)c1,8.4
Nc1cnc(-c2ccc(C3CCC3)c(OCc3ccc(OC(F)(F)F)cc3)c2F)cn1,6.06
CC(C)(C)NS(=O)(=O)c1ccccc1-c1ccc(-c2ccc3nccnc3c2)c(F)c1,7.07
COc1c(C2CCC2)ccc(-c2cc3cc[nH]c3nn2)c1F,6.12
Nc1cnc(-c2ccc(C3CCC3)c(Oc3ccc(C(F)(F)F)cn3)c2F)cn1,7.57
Nc1cnc(-c2ccc(C3CCC3)c(OCc3ccc(C(=O)O)o3)c2F)cn1,7.55
Nc1ncc(-c2ccc(-c3ccccc3C(=O)N3CCOC(C(F)(F)F)C3)cc2F)cn1,5.72
O=S(=O)(c1ccccc1-c1ccc(-c2cnc3c(c2)OCCN3)c(F)c1)N1CCCCC1,8.7
C[C@H](NS(=O)(=O)c1ccccc1-c1ccc(-c2cnc(N)cn2)c(F)c1)[C@@H](O)c1ccccc1,9.0
Cn1ccc(COc2cc(F)c3nc([C@H]4CCCC[C@H]4C(=O)O)n(Cc4ccc(OC(F)(F)F)cc4F)c3c2)n1,8.15
NS(=O)(=O)c1ccccc1-c1ccc(-c2cnc3[nH]ccc3c2)c(F)c1,7.89
Cc1ccc(COc2ccc3nc([C@H]4CCCC[C@@H]4C(=O)O)n(Cc4c(F)cc(Br)cc4F)c3c2)nc1,8.52
CCc1ccc(-c2cnc(N)cn2)c(F)c1Oc1nccc(N)n1,6.7
CC(=O)c1ccccc1-c1ccc(-c2cnc(N)cn2)c(F)c1,6.45
O=C(O)[C@H]1CCCCC1c1nc2cc(OCc3ccc4ccccc4n3)ccc2n1Cc1cccc(Br)c1,7.8
CC1(NS(=O)(=O)c2ccccc2-c2ccc(-c3cnc(N)cn3)c(F)c2)COC1,9.0
Nc1cnc(-c2ccc(C3CCC3)c(OCC(O)CO)c2F)cn1,6.0
N#Cc1cc(Oc2c(C3CCC3)ccc(-c3cnc(N)cn3)c2F)ccn1,8.05
CC(C)(Cc1nc2cc(OCc3ccc4ccccc4n3)ccc2n1Cc1ccccc1OC(F)(F)F)C(=O)O,6.35
CC(C)Sc1ncccc1-c1ccc(-c2cnc(N)cn2)c(F)c1,8.1
COC[C@H](C)NS(=O)(=O)c1ccccc1-c1ccc(-c2cnc(N)cn2)c(F)c1,9.0
Cc1ccc(Cn2c(C3CCCC[C@H]3C(=O)O)nc3cc(OCc4ccc5ccccc5n4)ccc32)cc1,8.08
Nc1cnc(-c2ccc(C3CCC3)c(OCc3ccc(F)cc3)c2F)cn1,6.52
O=C(O)C1(Cc2nc3cc(OCc4ccc5ccccc5n4)ccc3n2Cc2cccc(-c3cc[nH]n3)c2)CCCC1,7.92
Nc1ncc(-c2ccc(-c3ccccc3S(=O)(=O)N3CCCC(F)(F)C3)cn2)cn1,6.88
C[C@H](O)CNS(=O)(=O)Cc1ccccc1-c1ccc(-c2cnc(N)cn2)c(F)c1,6.17
Nc1cnc(-c2ccc(-c3cccnc3OCC3CC3)cc2F)cn1,7.01
Fc1cc(-c2ccccc2Oc2ncccn2)ccc1-c1cnc2nc[nH]c2c1,7.55
CCC(CC)(Cc1nc2c(F)cc(OCc3ccc(C)cn3)cc2n1Cc1ccc(C)cc1)C(=O)O,7.31
Nc1cnc(-c2ccc(-c3ccccc3C(F)(F)F)cc2F)cn1,6.84
Nc1cnc(-c2ccc(-c3ccccc3Sc3nccc(N)n3)cc2F)cn1,8.7
N#CC1(S(=O)(=O)c2ccccc2-c2ccc(-c3cnc(N)cn3)c(F)c2)CCCC1,8.17
Cc1ccnc(Oc2c(C3CCC3)ccc(-c3cnc(N)nc3)c2F)n1,7.15
Nc1cnc(-c2ccc(C3CCC3)c(Oc3cccc(C(F)(F)F)n3)c2F)cn1,8.7
Fc1c(-c2cnc3[nH]ccc3n2)ccc(C2CCC2)c1Oc1ncccn1,8.6
COC(=O)c1ccc(Oc2c(C3CCC3)ccc(-c3cnc(N)cn3)c2F)nc1,8.16
Nc1cnc(-c2ccc(-c3ccccc3CS(N)(=O)=O)cc2F)cn1,5.92
Nc1cnc(Sc2ccccc2-c2ccc(-c3cnc(N)cn3)c(F)c2)nc1,8.3
COc1c(Br)ccc(-c2cnc(N)cn2)c1F,5.6
CN(C)S(=O)(=O)c1ccccc1-c1ccc(-c2cnc3[nH]ccc3n2)c(F)c1,8.7
C[C@@H](O)CNS(=O)(=O)c1ccccc1-c1ccc(-c2cnc(N)nc2)nc1,6.31
N#Cc1nc(N)cnc1-c1ccc(-c2ccccc2Oc2ncccn2)cc1F,7.57
CC(C)(C)NS(=O)(=O)c1ccccc1-c1ccc(-c2ccc3c(c2)CC(=O)N3)c(F)c1,5.6
Nc1cnc(-c2ccc(C3CCC3)c(OCc3cccnc3)c2F)cn1,6.6
CS(=O)(=O)Nc1ccccc1-c1ccc(-c2cnc3[nH]ccc3n2)c(F)c1,7.77
Cn1ccc(COc2ccc3nc([C@@H]4[C@@H](C(=O)O)C4(C)C)n(Cc4ccc(Br)cc4)c3c2)n1,5.73
CC(C)(C)NS(=O)(=O)c1ccccc1-c1ccc(-c2ccn3cnnc3c2)c(F)c1,6.74
Nc1cnc(-c2ccc(-c3ccccc3S(=O)(=O)NC[C@H](O)CO)cc2F)cn1,7.92
CC(c1ccc(Br)cc1)n1c(CC(C)(C)C(=O)O)nc2cc(OCc3ccc4ccccc4n3)ccc21,6.03
Nc1cnc(-c2ccc(-c3ccccc3Cl)cc2F)cn1,6.6
CC(C)(C)NS(=O)(=O)c1ccccc1-c1ccc(-c2cnc(N)c(Cl)n2)c(F)c1,9.0
CCC(CC)(Cc1nc2cc(OCc3nc4ccccc4s3)ccc2n1Cc1ccc(-c2ncccn2)cc1)C(=O)O,6.6
CC(C)(C)NS(=O)(=O)c1ccccc1-c1ccc(-c2cnc(N)c(Br)c2)c(F)c1,8.0
Nc1cnc(-c2ccc(-c3ccc(C(F)(F)F)cc3S(=O)(=O)N3CCNC(=O)C3)cc2F)cn1,9.0
C[C@@H](NS(=O)(=O)c1ccccc1-c1ccc(-c2cnc(N)cn2)c(F)c1)C(F)(F)F,9.0
Nc1ccc(Oc2ccccc2-c2ccc(-c3cnc(N)cn3)c(F)c2)nc1,8.72
Nc1cnc(-c2ccc(-c3ccccc3S(=O)(=O)N3CCCC(CO)C3)cc2F)cn1,8.7
O=C(O)C1(Cc2nc3cc(OCc4ccc5ccccc5n4)ccc3n2Cc2cccc(-c3ccccc3)c2)CCCC1,7.89
Cn1ccc(COc2ccc3nc([C@@H]4CCCC[C@@H]4C(=O)O)n(Cc4ccc(OC(F)(F)F)c(F)c4)c3c2)n1,7.92
CC(C)(C)NS(=O)(=O)c1ccccc1-c1ccc(-c2cnc(N)c(Br)n2)c(F)c1,9.0
Nc1cncc(Sc2ccccc2-c2ccc(-c3cnc(N)nc3)c(F)c2)n1,8.4
CC(=O)NC1CCN(S(=O)(=O)c2ccccc2-c2ccc(-c3cnc(N)cn3)c(F)c2)CC1,7.92
Cc1ccc(COc2ccc3nc([C@@H]4CCCC[C@@H]4C(=O)O)n(Cc4ccc(N5CCCCC5)cc4)c3c2)nc1,8.52
CNS(=O)(=O)c1ccccc1-c1ccc(-c2cnc(N)nc2)c(F)c1F,6.73
Cn1ccc(COc2ccc3nc([C@@H]4CCCC[C@@H]4C(=O)O)n(Cc4ccc(OC(F)(F)F)cc4Br)c3c2)n1,7.52
CC(C)(C)NS(=O)(=O)c1ccccc1-c1ccc(-c2ncc3cc[nH]c3n2)c(F)c1,5.9
Nc1cnc(-c2ccc(C3CCC3)c(OCC(O)CNc3cc(N)ncn3)c2F)cn1,6.49
Cc1ccc(COc2ccc3nc(C4CCCC[C@H]4C(=O)O)n(Cc4ccc(Br)c(F)c4)c3c2)nc1,8.6
NCCNc1nccc(Oc2c(C3CCC3)ccc(-c3cnc(N)cn3)c2F)n1,6.75
O=C(O)[C@@H]1CCCC[C@@H]1c1nc2cc(OCc3ccc4ccccc4n3)ccc2n1Cc1ccc(Br)cc1,8.8
CC(C)(Cc1nc2cc(OCc3ccc4ccccc4n3)ccc2n1Cc1ccc(OC(F)(F)F)cc1)C(=O)O,6.46
COc1cc(Oc2c(C3CCC3)ccc(-c3cnc(N)cn3)c2F)nc(N)n1,8.22
CC(C)(C)OC(=O)NC1CCCN(S(=O)(=O)c2ccccc2-c2ccc(-c3cnc(N)cn3)c(F)c2)C1,8.52
Nc1cnc(-c2ccc(-c3ccc(C(F)(F)F)cc3C3=CCNCC3)cc2F)cn1,6.93
CCC(CC)(Cc1nc2ccc(OCc3ncc(C)cc3F)cc2n1Cc1ccc(N2CCC(C)CC2)cc1F)C(=O)O,8.28
Nc1cnc(-c2ccc(C3CCC3)c(OCc3ccc(C(F)(F)F)cc3)c2F)cn1,6.54
C[C@H](CO)NS(=O)(=O)Cc1ccccc1-c1ccc(-c2cnc(N)cn2)c(F)c1,6.07
O=C(O)C1(Cc2nc3cc(OCc4ccc5ccccc5n4)ccc3n2Cc2ccc(Br)cc2)CCCC1,7.96
CC(C)(C)NS(=O)(=O)c1ccccc1-c1ccc(-c2cnc(N)cn2)cc1,8.7
Cc1cccc(-c2ccc(-c3cnc(N)nc3)c(F)c2)c1S(=O)(=O)NC(C)(C)C,8.05
Nc1cnc(-c2ccc(-c3ccccc3S(=O)(=O)NC3CC3)cc2F)cn1,8.22
Nc1cnc(-c2ccc(-c3ccccc3S(=O)(=O)N3CCC(O)(c4ccccc4)C3)cc2F)cn1,8.7
NC1CCN(S(=O)(=O)c2ccccc2-c2ccc(-c3cnc4c(c3)OCCN4)c(F)c2)CC1,7.89
CC(C)(C)[C@H](CO)NS(=O)(=O)c1ccccc1-c1ccc(-c2cnc(N)nc2)c(F)c1,7.82
Nc1cnc(-c2ccc(C3CCC3)c(OCc3cccc(C(F)(F)F)c3Cl)c2F)cn1,5.7
CC(C)(Cc1nc2cc(OCc3ccc4cc(F)ccc4n3)ccc2n1Cc1ccc(Br)cc1)C(=O)O,7.33
Nc1cnc(-c2ccc(C3CCC3)c(Oc3ccnc(C(F)(F)F)n3)c2F)cn1,8.52
Nc1cnc(-c2ccc(-c3ccccc3S(=O)(=O)N3CCN(CCO)CC3)cc2F)cn1,7.7
O=C(O)[C@H]1CCCC[C@@H]1c1nc2cc(OCc3ccc4cccc(F)c4n3)ccc2n1Cc1ccc(Br)cc1,7.15
O=C(O)C1(Cc2nc3cc(OCc4ccc5ccccc5n4)ccc3n2Cc2ccc(-c3ccc(C(F)(F)F)nc3)cc2)CCCC1,6.7
Nc1cnc(-c2ccc(C3CCC3)c(Oc3ccnc(Cl)n3)c2F)cn1,8.43
O=C(O)C1(Cc2nc3cc(OCc4ccc5ccccc5n4)ccc3n2Cc2ccccn2)CCCC1,5.7
Cc1ccc(COc2cc(F)c3nc([C@@H]4[C@H](C(=O)O)C4(C)C)n(Cc4ccc(Br)cc4)c3c2)nc1,7.64
COc1c(C2CCC2)ccc(-c2cnc(N)cn2)c1F,7.19
CS(=O)(=O)Nc1ccc(-c2ccc(Cn3c(CC4(C(=O)O)CCCC4)nc4cc(OCc5ccc6ccccc6n5)ccc43)cc2)cc1,7.02
Cc1cc(Cn2c([C@@H]3CCCC[C@@H]3C(=O)O)nc3ccc(OCc4ccn(C)n4)cc32)ccc1OC(F)(F)F,8.27
Nc1cnc(-c2ccc(-c3ccccc3S(=O)(=O)N[C@H]3c4ccccc4C[C@@H]3O)cc2F)cn1,9.0
CC(C)(Cc1nc2cc(OCc3ccc4ccccc4n3)ccc2n1Cc1ccc(CN2CCCC(F)(F)C2)cc1)C(=O)O,5.96
Nc1cnc(-c2ccc(-c3ccc(C(F)(F)F)cc3S(N)(=O)=O)cc2F)cn1,8.7
Nc1cnc(-c2ccc(-c3ccccc3N3CCCCS3(=O)=O)cc2F)cn1,7.55
N#Cc1ccccc1Cn1c([C@@H]2CCCC[C@@H]2C(=O)O)nc2cc(OCc3ccc4ccccc4n3)ccc21,6.32
CC(=O)N1CCC(S(=O)(=O)c2ncccc2-c2ccc(-c3cnc(N)nc3)c(F)c2)CC1,6.59
Nc1cnc(-c2ccc(-c3ccccc3S(=O)(=O)NC3CCCCC3)cc2F)cn1,9.0
Nc1ncc(-c2ccc(-c3ccccc3S(=O)(=O)N3CCNCC3)cc2F)cn1,6.03
Nc1ncc(-c2ccc(-c3ccccc3S(=O)(=O)NC3CC3)cc2F)cn1,7.38
CNS(=O)(=O)Cc1ccccc1-c1ccc(-c2cnc(N)cn2)c(F)c1,6.69
CCNS(=O)(=O)c1ccccc1-c1ccc(-c2cnc(N)cn2)c(F)c1,8.22
Nc1cnc(-c2ccc(-c3ccccc3S(=O)(=O)NCC3CC3)cc2F)cn1,9.0
Nc1cnc(-c2ccc(C3CCC3)c(OCC3CCCO3)c2F)cn1,7.53
Nc1ncc(-c2ccc(-c3ccccc3S(=O)(=O)N3CCOC(CO)C3)cc2F)cn1,6.9
Nc1ncc(-c2ccc(-c3cccnc3S(=O)(=O)C3CCOCC3)cc2F)cn1,6.88
Nc1ccnc(Oc2ccccc2-c2ccc(-c3cnc4[nH]ccc4c3)c(F)c2)n1,9.0
CC(C)(Cc1nc2cc(OCc3ccc4ccccc4n3)ccc2n1Cc1ccc(F)cc1)C(=O)O,7.6
O=C(O)C1(Cc2nc3cc(OCc4ccc5ccccc5n4)ccc3n2Cc2cccc(-c3cscn3)c2)CCCC1,7.89
Nc1cnc(-c2ccc(-c3ccccc3S(=O)(=O)N[C@@H]3CCCC[C@@H]3CO)cc2F)cn1,9.0
CC(C)(Cc1nc2cc(OCc3ccc4ccccc4n3)ccc2n1Cc1ccc(N2CCC2)cc1)C(=O)O,6.19
Nc1cnc(-c2ccc(C3CCC3)c(OCC(O)Cn3nncc3N)c2F)cn1,6.37
CC(C)c1cc(Oc2c(C3CCC3)ccc(-c3cnc(N)cn3)c2F)ncn1,8.19
CS(=O)(=O)c1ccccc1-c1ccc(-c2cnc(N)cn2)c(F)c1,6.66
CC(C)SCc1ccccc1-c1ccc(-c2cnc(N)cn2)c(F)c1,7.24
Cc1ccc(COc2ccc3nc([C@H]4CCCC[C@@H]4C(=O)O)n(Cc4ccc(OC(F)(F)F)cc4F)c3c2)nc1,8.05
O=C(O)[C@H]1CCCCC1c1nc2cc(OCc3ccc4ccccc4n3)ccc2n1Cc1ccc(-c2ncccn2)cc1,7.68
O=C(O)C1(Cc2nc3cc(OCc4ccc5ccccc5n4)ccc3n2Cc2ccc(-c3ccc(F)c(F)c3)cc2)CCCC1,7.38
Nc1cnc(-c2ccc(-c3ccccc3C(=O)NC3CCCCC3)cc2F)cn1,6.1
Nc1ncc(-c2ccc(-c3ccccc3Sc3ccnc(N)n3)cc2F)cn1,8.7
O=C(O)[C@@H]1CCCCC1c1nc2cc(OCc3nc4ccccc4s3)ccc2n1Cc1ccc(Br)cc1,7.89
Nc1cnc(-c2ccc(-c3ccccc3Sc3ccnc(N)n3)cc2F)cn1,9.0
O=C(O)C1(Cc2nc3cc(OCc4ccc5ccccc5n4)ccc3n2Cc2ccc(F)cc2)CCCC1,8.03
CN1C(C)(C)CC(NS(=O)(=O)c2ccccc2-c2ccc(-c3cnc(N)cn3)c(F)c2)CC1(C)C,7.02
Nc1ncc(-c2ccc(-c3ccccc3OCCO)cc2F)cn1,6.08
CC(C)(C)NS(=O)(=O)c1ccccc1-c1ccc(-c2ccc3scnc3c2)c(F)c1,8.0
Nc1cnc(-c2ccc(-c3ccc(C(F)(F)F)cc3F)cc2F)cn1,6.6
CN(C)S(=O)(=O)Nc1ccccc1-c1ccc(-c2cnc(N)cn2)c(F)c1,7.7
O=C(O)[C@H]1CCCCC1c1nc2cc(OCc3ccc4ccccc4n3)ccc2n1Cc1cccc(-c2ncccn2)c1,8.39
N#CCc1cccc(Cn2c(CC3(C(=O)O)CCCC3)nc3cc(OCc4ccc5ccccc5n4)ccc32)c1,6.66
CC(C)(C)NS(=O)(=O)c1ccccc1-c1ccc(-c2cnc3c(c2)OCCN3)c(F)c1,9.0
Cn1ncc2cc(Cn3c(CC(C)(C)C(=O)O)nc4cc(OCc5ccc6ccccc6n5)ccc43)ccc21,5.65
C[C@H](NC(=O)c1cc(C(F)(F)F)ccc1-c1ccc(-c2cnc(N)cn2)c(F)c1)C(F)(F)F,8.82
COc1ccc(-c2ccc(Cn3c(CC4(C(=O)O)CCCC4)nc4cc(OCc5ccc6ccccc6n5)ccc43)cc2)cn1,6.77
Nc1cnc(-c2ccc(-c3ccccc3S(=O)(=O)Nc3ccccc3)cc2F)cn1,9.0
C[C@H](NS(=O)(=O)c1ccccc1-c1ccc(-c2cnc(N)nc2)c(F)c1)C(F)(F)F,8.3
Nc1cnc(-c2ccc(C3CCC3)c(Oc3nc(N)c4ccccc4n3)c2F)cn1,9.3
CC(C)(Cc1nc2cc(OCc3ccc4ccccc4n3)ccc2n1Cc1ccc(-c2cccc(NS(C)(=O)=O)c2)cc1)C(=O)O,6.8
Nc1cnc(-c2ccc(C3CCC3)c(OCc3ccccc3Cl)c2F)cn1,6.52
CS(=O)(=O)c1ccnc(Oc2c(C3CCC3)ccc(-c3cnc(N)cn3)c2F)n1,8.3
N#Cc1nccc(Oc2c(C3CCC3)ccc(-c3cnc(N)cn3)c2F)n1,5.89
CNS(=O)(=O)c1ccccc1-c1ccc(-c2cnc3[nH]cc(CO)c3c2)c(F)c1,8.52
Nc1cnc(-c2ccc(C3CCC3)c(Oc3ncccc3Cl)c2F)cn1,8.4
CC1(C)C(c2nc3cc(OCc4ccc5ccccc5n4)ccc3n2Cc2ccc(-c3ccc(F)cc3)cc2F)[C@@H]1C(=O)O,6.92
Nc1cnc(-c2ccc(-c3ccccc3-c3cnc(N)cn3)cc2F)cn1,7.9
O=C1NCC[C@@H]1NS(=O)(=O)c1ccccc1-c1ccc(-c2cnc3[nH]ccc3c2)c(F)c1,8.52
CC1(C)[C@@H](C(=O)O)[C@H]1c1nc2cc(OCc3ccc4ccccc4n3)ccc2n1Cc1ccc(-c2cscn2)cc1,7.01
Oc1c(C2CCC2)ccc(-c2cc3cc[nH]c3nn2)c1F,6.23
Nc1cnc(-c2ccc(-c3ccccc3S(=O)(=O)c3ccccc3)cc2F)cn1,7.8
Cn1ccc(COc2ccc3nc([C@@H]4CCCC[C@@H]4C(=O)O)n(Cc4ccc(OC(F)(F)F)cc4)c3c2)n1,5.6
CCN(CC)S(=O)(=O)c1ccccc1-c1ccc(-c2cnc(N)nc2)c(F)c1,7.89
CCC(CC)(Cc1nc2c(F)cc(OCc3ccc(C)cn3)cc2n1Cc1ccc(Br)cc1)C(=O)O,8.22
CSc1ccnc(Oc2c(C3CCC3)ccc(-c3cnc(N)cn3)c2F)n1,8.4
CCC(C)S(=O)(=O)c1ncccc1-c1ccc(-c2cnc(N)cn2)c(F)c1,8.55
Nc1ncc(-c2ccc(-c3ccc(C(F)(F)F)cc3C(=O)N3CCC(O)CC3)cc2F)cn1,6.41
COc1c(C2CCC2)ccc(-c2cnc3[nH]ccc3n2)c1F,7.0
Nc1cnc(-c2ccc(C3CCC3)c(OCc3cccc(-c4nn[nH]n4)c3)c2F)cn1,8.1
Nc1ncc(-c2ccc(-c3ccc(C(F)(F)F)cc3C(=O)N3CCS(=O)(=O)CC3)cc2F)cn1,6.55
Nc1cnc(-c2ccc(-c3ccc(C(F)(F)F)cc3C(=O)N3CCOCC3)cc2F)cn1,8.3
COc1ccnc(Oc2c(C3CCC3)ccc(-c3cnc(N)cn3)c2F)n1,8.52
COc1ncc(-c2ccc(Cn3c(CC4(C(=O)O)CCCC4)nc4cc(OCc5ccc6ccccc6n5)ccc43)cc2)cn1,6.68
Nc1cnc(Sc2ccccc2-c2ccc(-c3cnc(N)cn3)c(F)c2)cn1,8.34
Nc1cnc(-c2ccc(-c3ccccc3S(=O)(=O)N3CC[C@@H](O)C3)cc2F)cn1,8.0
Nc1cnc(-c2ccc(C3CCC3)c(OCc3cccc(Cl)c3)c2F)cn1,6.76
CC(C)(C)NS(=O)(=O)c1ccccc1-c1ccc(-c2cn3c(N)cccc3n2)c(F)c1,7.22
Cc1cccc(COc2ccc3nc([C@@H]4[C@H](C(=O)O)C4(C)C)n(Cc4ccc(Br)cc4)c3c2)n1,5.82
CC(C)(Cc1nc2cc(OCc3ccc4ccccc4n3)ccc2n1Cc1ccc(Cl)cc1)C(=O)O,6.32
O=C(O)C1(Cc2nc3cc(OCc4ccc5ccccc5n4)ccc3n2Cc2cccc(-c3ccoc3)c2)CCCC1,7.82
Nc1ncc(-c2ccc(-c3ccccc3S(=O)(=O)N[C@H]3CCCNC3=O)cc2F)cn1,6.81
O=C(O)[C@H]1CCCC[C@H]1c1nc2cc(OCc3ccc4ccccc4n3)ccc2n1Cc1ccccc1OC(F)(F)F,7.28
Nc1cnc(-c2ccc(-c3ccc(C(F)(F)F)cc3C=O)cc2F)cn1,8.3
Cc1cc(Oc2c(C3CCC3)ccc(-c3cnc(N)cn3)c2F)nc(N(C)C)n1,8.66
Nc1ccc(-c2ccc(C3CCC3)c(Oc3cc(=O)nc[nH]3)c2F)nn1,5.77
Nc1ncc(-c2ccc(-c3ccccc3NS(=O)(=O)N3CCOCC3)cc2F)cn1,6.31
CS(=O)(=O)Nc1ccccc1-c1ccc(-c2ccc(N)nc2)c(F)c1,6.12
Nc1cnc(-c2ccc(-c3ccc(C(F)(F)F)cc3Oc3ccnc(N)n3)cc2F)cn1,8.7
Nc1cnc(-c2ccc(-c3ccc(OC(F)(F)F)cc3F)cc2F)cn1,6.6
CC(C)(Cc1nc2cc(OCc3ccc4ccccc4n3)ccc2n1Cc1cccc(S(C)(=O)=O)c1)C(=O)O,5.6
N#Cc1cccc(Cn2c(CC3(C(=O)O)CCCC3)nc3cc(OCc4ccc5ccccc5n4)ccc32)c1,7.02
Cc1ccc(COc2cc(F)c3nc(CC4(C(=O)O)CCCC4)n(Cc4ccc(Br)cc4)c3c2)nc1,8.22
[C-]#[N+]c1ccc(Cn2c(CC3(C(=O)O)CCCC3)nc3cc(OCc4ccc5ccccc5n4)ccc32)cc1,7.41
Nc1cnc(-c2ccc(C3CCC3)c(OCCN3CCOCC3)c2F)cn1,6.34
Nc1cnc(-c2ccc(-c3ccccc3SC(F)(F)F)cc2F)cn1,6.76
Cn1ccc(COc2cc(F)c3nc([C@H]4CCCC[C@H]4C(=O)O)n(Cc4ccc(C#N)cc4)c3c2)n1,7.24
Nc1cc(Oc2cc(C(F)(F)F)ccc2-c2ccc(-c3cnc(N)nc3)c(F)c2)ncn1,8.4
Nc1cnc(-c2ccc(C3CCC3)c(Oc3ccnc(Oc4c(C5CCC5)ccc(-c5cnc(N)cn5)c4F)n3)c2F)cn1,7.63
CC(CO)(CO)NS(=O)(=O)c1ccccc1-c1ccc(-c2cnc(N)cn2)c(F)c1,9.0
Cc1ccc(COc2ccc3nc(C4CCCCC4)n(Cc4ccc(-c5ncc(Cl)cn5)cc4)c3c2)nc1,8.48
N#Cc1nc(N)cnc1-c1ccc(-c2ccc(C(F)(F)F)cc2S(=O)(=O)NCCO)cc1F,8.72
Fc1c(-c2cnc3c(c2)OCCN3)ccc(C2CCC2)c1OCc1ccc(C(F)(F)F)cc1,6.6
Nc1ncc(-c2ccc(-c3ccccc3N3CCCS3(=O)=O)cc2F)cn1,6.68
Nc1ncc(-c2ccc(-c3ccccc3Oc3nccc(C(F)(F)F)n3)cc2F)cn1,6.67
N#Cc1nc(-c2ccc(-c3ccccc3S(=O)(=O)N3CCNC(=O)C3)cc2F)cnc1N,7.19
O=C(O)C1(Cc2nc3cc(OCc4ccc5ccccc5n4)ccc3n2Cc2ccc(-c3ccoc3)cc2)CCCC1,7.4
C[C@@H](O)CNS(=O)(=O)c1ccccc1-c1ccc(-c2cnc(N)cn2)c(F)c1,8.1
CC(C)(CO)CNS(=O)(=O)c1ccccc1-c1ccc(-c2cnc(N)nc2)c(F)c1,8.3
Nc1cnc(-c2ccccc2-c2ccc(-c3cnc(N)nc3)c(F)c2)cn1,6.84
CC1(NS(=O)(=O)c2ccccc2-c2ccc(-c3ccc(N)nc3)c(F)c2)CCC1,9.0
Cc1cccc(Cn2c(CC(C)(C)C(=O)O)nc3cc(OCc4ccc5ccccc5n4)ccc32)c1,6.96
Nc1cnc(-c2ccc(C3CCC3)c(OCC(O)CNc3ccn[nH]3)c2F)cn1,6.75
CC(C)(C)NS(=O)(=O)c1ccccc1-c1ccc(-c2cnc3nc[nH]c3c2)c(F)c1,8.4
Nc1cnc(-c2ccc(C3CCC3)c(OCc3ccccn3)c2F)cn1,7.0
Nc1cnc(-c2ccc(C3CCC3)c(OCc3cccc(OC(F)(F)F)c3)c2F)cn1,6.09
Cc1cccc(-c2ccc(Cn3c(CC(C)(C)C(=O)O)nc4cc(OCc5ccc6ccccc6n5)ccc43)cc2)c1,6.21
Cn1ccc(COc2ccc3nc([C@@H]4CCCC[C@@H]4C(=O)O)n(Cc4ccc(OC(F)(F)F)cc4Cl)c3c2)n1,7.52
Nc1ncc(-c2ccc(C3CCC3)c(Oc3ncccn3)c2F)cn1,7.02
Cn1cc(-c2ccc(Cn3c(CC4(C(=O)O)CCCC4)nc4cc(OCc5ccc6ccccc6n5)ccc43)cc2)cn1,6.52
Nc1cnc(-c2ccc(-c3ccccc3Oc3cc(C4CC4)ncn3)cc2F)cn1,8.34
Nc1cnc(-c2ccc(C3CCC3)c(OCc3ccc(Cl)cc3)c2F)cn1,6.66
Cc1ccc(COc2ccc3nc(C4CCCCC4C(=O)O)n(Cc4cccc(-c5ccc(C(F)(F)F)cc5)c4)c3c2)nc1,8.14
CC(C)(Cc1nc2cc(OCc3ccc4ccccc4n3)ccc2n1Cc1ccc(F)cc1F)C(=O)O,7.15
CN(C)c1cc(Oc2c(C3CCC3)ccc(-c3cnc(N)cn3)c2F)ncn1,8.48
Nc1cnc(-c2ccc(-c3ccccc3CS(=O)(=O)N3CCNC(=O)C3)cc2F)cn1,6.18
Cc1ccc(COc2c(C3CCC3)ccc(-c3cnc(N)cn3)c2F)cc1C,6.6
Nc1cnc(-c2ccc(-c3ccccc3S(=O)(=O)NCCCO)cc2F)cn1,8.4
Oc1c(C2CCC2)ccc(-c2cnc3[nH]ccc3n2)c1F,7.12
Nc1ccc(-c2ccc(-c3ccccc3S(=O)(=O)N3CCOCC3)cc2F)cn1,7.08
Nc1cnc(-c2ccc(-c3ccccc3S(=O)(=O)c3nccc(N)n3)cc2F)cn1,6.32
Nc1cnc(-c2ccc(-c3ccccc3S(=O)(=O)N3CCCCC3)cc2F)cn1,8.7
Nc1ncc(-c2ccc(-c3ccccc3S(=O)(=O)N[C@H]3CCCC[C@H]3O)cc2F)cn1,8.3
CC(C)(C)OC(=O)N1CCC(COc2c(C3CCC3)ccc(-c3cnc(N)cn3)c2F)C1,6.59
Nc1cnc(-c2ccc(-c3ccccc3CSc3cc(N)ncn3)cc2F)cn1,8.3
Cn1cc(Cl)c(COc2ccc3nc([C@@H]4CCCC[C@@H]4C(=O)O)n(Cc4ccc(N5CCC(F)CC5)cc4)c3c2)n1,7.82
CC(C)(Cc1nc2cc(OCc3ccc4ccccc4n3)ccc2n1Cc1ccc(-c2ccc(NS(C)(=O)=O)cc2)cc1)C(=O)O,6.68
Cc1ccc(-c2cnc(N)cn2)c(F)c1Oc1nccc(N)n1,5.86
Nc1cnc(-c2ccc(-c3ccccc3-c3ccc(-c4cnc(N)cn4)c(F)c3)cc2F)cn1,9.22
Nc1ncc(-c2ccc(-c3ccccc3S(=O)(=O)C3CC3)cc2F)cn1,7.1
Cn1ccc(COc2cc3c(cc2F)nc([C@@H]2CCCC[C@@H]2C(=O)O)n3Cc2ccc(OC(F)(F)F)cc2F)n1,7.57
CS(=O)(=O)CCCS(=O)(=O)c1ccccc1-c1ccc(-c2cnc(N)cn2)c(F)c1,6.7
C[C@@H](NS(=O)(=O)c1ccccc1-c1ccc(-c2cnc(N)cn2)c(F)c1)c1ccccc1,8.7
CC(C)(Cc1nc2cc(OCc3ccc4ccccc4n3)ccc2n1Cc1ccc(-c2cccc(S(C)(=O)=O)c2)cc1)C(=O)O,6.12
Cc1ccc(COc2ccc3nc([C@@H]4CCCC[C@@H]4C(=O)O)n(Cc4ccc(-c5ccc(C(F)(F)F)cc5)cc4)c3c2)nc1,8.89
CN1CCN(S(=O)(=O)c2cc(C(F)(F)F)ccc2-c2ccc(-c3cnc(N)cn3)c(F)c2)CC1,9.0
COc1ncc(-c2ccc(Cn3c(C4CCCCC4)nc4ccc(OCc5ccc(C)cn5)cc43)cc2)cn1,7.19
Nc1cnc(-c2ccc(-c3ccc(Br)cc3F)cc2F)cn1,6.6
CC(C)(C)NS(=O)(=O)c1ccccc1-c1ccc(-c2cnc(N)nc2)c(F)c1F,6.6
Nc1ncc(-c2ccc(-c3ccccc3S(=O)(=O)Cc3nc(C4CC4)no3)cc2F)cn1,6.3
Cc1ccc(COc2ccc3nc([C@@H]4[C@H](C(=O)O)C4(C)C)n(Cc4ccc(OC(F)(F)F)cc4)c3c2)nc1,7.21
CC1(C)CCCC1(Cc1nc2cc(OCc3ccc4ccccc4n3)ccc2n1Cc1ccc(Br)cc1)C(=O)O,8.52
Cn1cc(-c2ccccc2-c2ccc(-c3cnc(N)cn3)c(F)c2)cn1,8.09
Nc1cnc(-c2ccc(-c3ccccc3N)cc2F)cn1,5.88
Cc1ccc(COc2cc(F)c3nc(C4[C@H](C(=O)O)C4(C)C)n(Cc4ccc(Br)cc4)c3c2)nc1,7.64
Nc1cnc(-c2ccc(C3CCC3)c(Oc3cc(-c4ccccc4)ncn3)c2F)cn1,8.27
CS(=O)(=O)c1cc(F)ccc1-c1ccc(-c2cnc3[nH]ccc3n2)c(F)c1,7.7
CS(=O)(=O)c1ccccc1Oc1c(C2CCC2)ccc(-c2cnc(N)cn2)c1F,5.6
CC(C)(C)NC(=O)c1cc(F)ccc1-c1ccc(-c2cnc(N)cn2)c(F)c1,7.08
Nc1ccc(-c2ccc(-c3ccccc3S(=O)(=O)N3C[C@@H]4C[C@H]3CO4)cc2F)cn1,8.24
Cc1ccc(COc2ccc3nc([C@@H]4CCCC[C@@H]4C(=O)O)n(Cc4ccc(OC(F)(F)F)cc4Cl)c3c2)nc1,7.68
Nc1cnc(-c2ccc(C3CCC3)c(OCc3ccc(F)cc3C(F)(F)F)c2F)cn1,5.82
Cn1ccc(COc2ccc3nc(CC4(C(=O)O)CCCC4)n(Cc4ccc(Br)cc4)c3c2)n1,6.96
Nc1ncc(-c2ccc(C3CCC3)c(O)c2F)cn1,7.0
Cc1ccc(COc2ccc3nc([C@H]4CCCC[C@H]4C(=O)O)n(Cc4ccc(OC(F)(F)F)c(Cl)c4)c3c2)nc1,8.25
N#Cc1ccc(Oc2ccccc2-c2ccc(-c3cnc(N)cn3)c(F)c2)nc1,8.21
COc1ccc(-c2ccccc2Cn2c(CC(C)(C)C(=O)O)nc3cc(OCc4ccc5ccccc5n4)ccc32)cn1,6.21
CC(NS(=O)(=O)c1ccccc1-c1ccc(-c2cnc(N)cn2)c(F)c1)C(F)(F)F,9.0
Nc1cnc(-c2ccc(-c3cccnc3O[C@H]3CC[C@H](N)CC3)cc2F)cn1,7.2
Nc1cnc(-c2ccc(-c3ccc(C(F)(F)F)cc3C(=O)O)cc2F)cn1,7.56
CCC(CC)(Cc1nc2ccc(OCc3ccn(C)n3)cc2n1Cc1ccc(N2CCC(C(F)(F)F)CC2)cc1F)C(=O)O,7.54
Cc1cnc(COc2ccc3nc(CC(C)(C)C(=O)O)n(Cc4ccc(Br)cc4F)c3c2)c(F)c1,7.85
COc1cc(Oc2c(C3CCC3)ccc(-c3cnc4[nH]ccc4c3)c2F)ncn1,7.61
Nc1cnc(-c2ccc(-c3ccccc3S(=O)(=O)NC3CCCC3)cc2F)cn1,8.52
COc1cnc(Oc2ccccc2-c2ccc(-c3cnc(N)cn3)c(F)c2)nc1,8.05
CC(=O)c1ccc(COc2c(C3CCC3)ccc(-c3cnc(N)cn3)c2F)cc1,7.05
Nc1cnc(-c2ccc(-c3ccccc3Oc3cccc(C(F)(F)F)n3)cc2F)cn1,8.11
Nc1cnc(-c2ccc(C3CCC3)c(OCc3ccncc3)c2F)cn1,6.91
Nc1cnc(-c2ccc(-c3ccccc3)c(F)c2F)cn1,6.3
CC(C)(O)Cn1cc(-c2ccccc2-c2ccc(-c3cnc(N)cn3)c(F)c2)cn1,7.49
O=C(O)[C@@H]1CCCC[C@@H]1c1nc2cc(OCc3nc4ccccc4s3)ccc2n1Cc1ccc(N2CCCCC2)cc1,7.02
CC(C)(Cc1nc2cc(OCc3ccc4ccccc4n3)ccc2n1Cc1ccc2cnccc2c1)C(=O)O,5.6
CC(C)(Cc1nc2cc(OCc3ccc4ccccc4n3)ccc2n1Cc1ccc(-c2ccc(S(N)(=O)=O)cc2)cc1)C(=O)O,6.08
Nc1ncc(-c2ccc(-c3ccccc3Sc3cnccn3)cc2F)cn1,7.35
Nc1cnc(-c2ccc(-c3ccccc3NS(=O)(=O)N3CCOCC3)cc2F)cn1,7.47
CC(=O)NC1CCN(S(=O)(=O)c2ccccc2-c2ccc(-c3cnc(N)c(F)c3)c(F)c2)CC1,7.01
C[C@H](NC(=O)c1ccccc1-c1ccc(-c2cnc(N)cn2)c(F)c1)C(F)(F)F,7.74
CN1CCN(S(=O)(=O)c2cc(C(F)(F)F)ccc2-c2ccc(-c3cnc(N)nc3)c(F)c2)CC1,7.82
O=C(O)[C@H]1CCCCC1c1nc2cc(OCc3ccc4ccccc4n3)ccc2n1Cc1ccc(-c2ccc(C(F)(F)F)cc2)cc1,7.4
Nc1ncc(-c2ccc(-c3ccccc3Oc3ccnc(C(F)(F)F)c3)cc2F)cn1,6.6
O=C(O)Cc1ccc(COc2c(C3CCC3)ccc(-c3cnc4c(c3)OCCN4)c2F)cc1,8.66
CC(C)(C)NS(=O)(=O)c1ccccc1-c1ccc(-c2cnc(N)c(C#N)c2)c(F)c1,7.13
Nc1cnc(-c2ccc(CC3CCCCC3)c(Oc3ncccn3)c2F)cn1,6.93
N#Cc1ccccc1-c1ccc(-c2cnc(N)cn2)c(F)c1,5.85
CC(C)c1ccc(-c2cnc(N)cn2)c(F)c1Oc1ncccn1,7.24
CC(C)(C)NS(=O)(=O)c1ccccc1-c1ccc(-c2cnc3[nH]cc(CO)c3c2)c(F)c1,9.0
CC(C)c1nccc(Oc2c(C3CCC3)ccc(-c3cnc(N)cn3)c2F)n1,8.89
N#Cc1nc(N)cnc1-c1ccc(C2CCC2)c(O)c1F,6.17
O=C(O)[C@H]1CCCCC1c1nc2cc(OCc3ccc4ccccc4n3)ccc2n1Cc1ccc(Br)cc1,8.275
[C-]#[N+]c1c(Oc2c(C3CCC3)ccc(-c3cnc(N)cn3)c2F)nn(C)c1C(F)(F)F,7.0
Cc1ccc(Cn2c([C@@H]3[C@H](C(=O)O)C3(C)C)nc3ccc(OCc4ccc(C)cn4)cc32)cc1,6.82
COC(=O)c1ccc2oc(COc3c(C4CCC4)ccc(-c4cnc(N)cn4)c3F)nc2c1,7.71
Nc1cnc(-c2ccc(-c3ccccc3-c3cnc(N4CCOCC4)nc3)cc2F)cn1,7.42
O=C(O)C1(Cc2nc3cc(OCc4ccc5ccccc5n4)ccc3n2Cc2ccc(Cl)cc2)CCCC1,8.03
Nc1cnc(-c2ccc(-c3ccccc3S(=O)(=O)N3CCC[C@H](N)C3)cc2F)cn1,8.52
Nc1cnc(-c2ccc(-c3cccnc3N3CCCC3=O)cc2F)cn1,5.83
Cc1ccc(COc2cc(Cl)c3nc([C@@H]4[C@H](C(=O)O)C4(C)C)n(Cc4ccc(Br)cc4)c3c2)nc1,7.68
O=S(=O)(c1ccccc1-c1ccc(-c2cnc3[nH]ccc3n2)c(F)c1)N1CCCCC1,9.0
Cn1cc(-c2ccc(Cn3c(CC(C)(C)C(=O)O)nc4cc(OCc5ccc6ccccc6n5)ccc43)cc2)cn1,6.0
CCc1c(C(F)(F)F)nn(C)c1Oc1c(C2CCC2)ccc(-c2cnc(N)cn2)c1F,6.81
CC1(C)[C@@H](C(=O)O)[C@H]1c1nc2cc(OCc3ccc4ccccc4n3)ccc2n1Cc1ccc(-c2ccc(F)cc2)cc1,7.09
Nc1cnc(-c2ccc(-c3cccnc3OC3CCCCC3)cc2F)cn1,7.15
CC(C)(NS(=O)(=O)c1ccccc1-c1ccc(-c2cnc(N)cn2)c(F)c1)C(F)(F)F,9.0
C[C@@H](O)CNS(=O)(=O)Cc1ccccc1-c1ccc(-c2cnc(N)cn2)c(F)c1,5.98
O=C(O)C1(Cc2nc3cc(OCc4ccc5ccccc5n4)ccc3n2Cc2cccc(-c3ccc(F)c(F)c3)c2)CCCC1,7.7
Cn1cc(Cl)c(COc2ccc3nc([C@@H]4CCCC[C@@H]4C(=O)O)n(Cc4ccc(-c5ccc(C(F)(F)F)cc5)cc4)c3c2)n1,7.89
CC(C)(Cc1nc2cc(OCc3ccc4ccccc4n3)ccc2n1Cc1ccc(-c2cscn2)cc1)C(=O)O,7.02
Nc1ncc(-c2ccc(-c3ccccc3C(=O)N3CCOCC3)cc2F)cn1,6.36
C[C@H](NS(=O)(=O)c1ccccc1-c1ccc(-c2cnc(N)nc2)c(F)c1)C(=O)OC(C)(C)C,8.4
CC(C)(C)c1ccc(-c2cnc(N)cn2)c(F)c1Oc1ncccn1,8.07
Nc1cnc(-c2ccc(C3CCC3)c(OCc3c(Cl)cccc3Cl)c2F)cn1,6.6
CC(C)(Cc1nc2cc(OCc3ccc4ccccc4n3)ccc2n1Cc1ccc(F)c(Cl)c1)C(=O)O,7.32
CNS(=O)(=O)c1cc(C(F)(F)F)ccc1-c1ccc(-c2cnc(N)nc2)c(F)c1,8.4
O=C(O)[C@H]1CCCCC1c1nc2cc(OCc3ccc4ccccc4n3)ccc2n1Cc1cccc(-c2ccc(C(F)(F)F)nc2)c1,7.22
Cc1cc(N)nc(Oc2c(C3CCC3)ccc(-c3cnc(N)cn3)c2F)n1,8.3
Cc1nc(-c2ccc(-c3ccccc3S(N)(=O)=O)cc2F)cnc1N,6.52
N#Cc1ccc(Oc2c(C3CCC3)ccc(-c3cnc(N)cn3)c2F)nc1,7.76
Cc1ccc(COc2ccc3nc(C4CCCC[C@H]4C(=O)O)n(Cc4ccc(N5CC(F)(F)C5)cc4F)c3c2)nc1,7.96
N#Cc1cccc(Oc2ccccc2-c2ccc(-c3cnc(N)cn3)c(F)c2)n1,8.47
Nc1cnc(-c2ccc(C3CCC3)c(OCC(O)CN3CCNC3=O)c2F)cn1,6.01
CC(C)(C)NS(=O)(=O)c1ccccc1-c1ccc(-c2cnc(N)cc2C#N)c(F)c1,6.51
CC(C)(C)OC(=O)N1CC(O)(CNS(=O)(=O)c2ccccc2-c2ccc(-c3ccc(N)nc3)c(F)c2)C1,6.94
Nc1cnc(-c2ccc(C3CCC3)c(Oc3nccc(C(=O)O)n3)c2F)cn1,7.2
Nc1cnc(-c2ccc(C3CCC3)c(OCCNc3cnccn3)c2F)cn1,8.38
Cc1ccc(COc2ccc3nc([C@@H]4CCCC[C@@H]4C(=O)O)n(Cc4ccc(OC(F)(F)F)cc4C)c3c2)nc1,7.72
Cc1cc(Oc2c(C3CCC3)ccc(-c3cnc(N)cn3)c2F)ccc1S(C)(=O)=O,7.97
CC(C)(C)c1ccc(-c2cnc(N)nc2)c(F)c1Oc1ncccn1,7.32
COc1ccc(-c2ccc(Cn3c(CC(C)(C)C(=O)O)nc4cc(OCc5ccc6ccccc6n5)ccc43)cc2)cc1,6.17
CC(Cc1nc2cc(OCc3ccc4ccccc4n3)ccc2n1Cc1ccc(Br)cc1)(C(=O)O)c1ccccc1,7.18
Nc1cnc(-c2ccc(C3CCC3)c(Oc3nc4ncccc4s3)c2F)cn1,8.29
O=C(O)C1(Cc2nc3cc(OCc4ccc5ccccc5n4)ccc3n2Cc2cccc(N3CCCC3)c2)CCCC1,7.85
CC1CN(C(=O)c2ccccc2-c2ccc(-c3cnc(N)cn3)c(F)c2)CC(C)O1,6.65
Cc1ccc(COc2cc(F)c3nc(C4CCCC[C@@H]4C(=O)O)n(Cc4ccc(OC(F)(F)F)cc4)c3c2)nc1,7.96
Cc1ccc(COc2cc(F)c3nc(C4CCCC[C@H]4C(=O)O)n(Cc4ccc(OC(F)(F)F)cc4)c3c2)nc1,8.11
CC(C)(Cc1nc2cc(OCc3ccc4ccccc4n3)ccc2n1Cc1ccc(-c2ccccc2NS(C)(=O)=O)cc1)C(=O)O,5.6
Cc1ccc(COc2ccc3nc([C@@H]4[C@H](C(=O)P)C4(C)C)n(Cc4ccc(OC(F)(F)F)cc4)c3c2)nc1,7.21
C[C@H](NS(=O)(=O)c1ccccc1-c1ccc(-c2cnc(N)cn2)c(F)c1)C(=O)O,6.45
Cn1nccc1-c1cccc(Cn2c(CC(C)(C)C(=O)O)nc3cc(OCc4ccc5ccccc5n4)ccc32)c1,7.05
Nc1cnc(-c2ccc(C3CCC3)c(OCCNc3ccnc(N)n3)c2F)cn1,7.34
Nc1cnc(-c2ccc(-c3ccccc3Sc3ccncn3)cc2F)cn1,8.8
O=C(c1ccccc1-c1ccc(-c2cnc3[nH]ccc3c2)c(F)c1)N1CCOCC1,7.8
Cc1cc(COc2c(C3CCC3)ccc(-c3cnc(N)cn3)c2F)no1,7.33
CC(C)(Cc1nc2cc(OCc3ccc4ccccc4n3)ccc2n1Cc1ccc2ccccc2c1)C(=O)O,6.04
CCC(CC)(Cc1nc2ccc(OCc3ccc(C)cn3)cc2n1Cc1ccc(OC(F)(F)F)cc1C)C(=O)O,7.4
Nc1cnc(-c2ccc(-c3ccccc3S(=O)(=O)N3CCCC(N)C3)cc2F)cn1,8.22
Nc1ncc(-c2ccc(-c3ccccc3S(=O)(=O)N3CC(O)C3)cc2F)cn1,7.35
Cc1ncc(CNS(=O)(=O)c2ccccc2-c2ccc(-c3cnc(N)cn3)c(F)c2)c(N)n1,7.74
CC(C)(C)NS(=O)(=O)c1ccccc1-c1ccc(-c2cnc3[nH]ccc3c2)c(F)c1,9.0
Nc1cnc(-c2ccc(C3CCC3)c(OCc3ccc(-c4nn[nH]n4)cc3)c2F)cn1,8.3
C[C@@H]1CNCCN1S(=O)(=O)c1ccccc1-c1ccc(-c2cnc(N)nc2)c(F)c1,7.05
Nc1cnc(-c2ccc(C3CCC3)c(O)c2F)cn1,6.45
CC(C)(Cc1nc2cc(OCc3ccc4ccccc4n3)ccc2n1Cc1cccc(-c2ccc(NS(C)(=O)=O)cc2)c1)C(=O)O,8.25
CS(=O)(=O)Nc1ccc(-c2cccc(Cn3c(C4CCCC[C@@H]4C(=O)O)nc4cc(OCc5ccc6ccccc6n5)ccc43)c2)cc1,8.37
COc1c(-c2ccccc2NS(C)(=O)=O)ccc(-c2cnc(N)cn2)c1F,5.76
COc1cc(C(F)(F)F)ccc1-c1ccc(-c2cnc(N)cn2)c(F)c1,7.72
CC(O)C1CN(C(=O)c2ccccc2-c2ccc(-c3cnc(N)cn3)c(F)c2)CCO1,6.25
O=C(O)[C@H]1CCCCC1c1nc2cc(OCc3ccc4ccccc4n3)ccc2n1Cc1ccc(N2CCC(F)(F)CC2)cc1F,7.54
N#Cc1cccc(Cn2c(C3CCCC[C@H]3C(=O)O)nc3cc(OCc4ccc5ccccc5n4)ccc32)c1,7.37
CS(=O)(=O)c1ccc(CSc2ccccc2-c2ccc(-c3cnc(N)cn3)c(F)c2)cc1,8.1
CCOc1ccc(-c2ccc(Cn3c(CC4(C(=O)O)CCCC4)nc4cc(OCc5ccc6ccccc6n5)ccc43)cc2)cn1,6.89
O=C(O)[C@@H]1CCCC[C@@H]1c1nc2cc(OCc3ccc4ccccc4n3)ccc2n1Cc1ccc(OC(F)(F)F)cc1F,6.2
CN1CCN(S(=O)(=O)c2ccccc2-c2ccc(-c3cnc(N)cn3)c(F)c2)CC1,7.83
N#Cc1nc(-c2ccc(-c3ccccc3C(=O)N3CCOCC3)cc2F)cnc1N,5.9
COCCCS(=O)(=O)c1ncccc1-c1ccc(-c2cnc(N)cn2)c(F)c1,7.57
Cc1cnc(COc2ccc3nc(CC(C)(C)C(=O)O)n(Cc4cccc(-c5ccc(C(F)(F)F)cc5)c4)c3c2)c(F)c1,7.89
Nc1cnc(-c2ccc(C3CC3)c(Oc3ncccn3)c2F)cn1,7.0
Nc1cnc(-c2ccc(C3CCC3)c(OCC(O)CN3CCOCC3)c2F)cn1,5.94
CC(C)(Cc1nc2cc(OCc3ccc4ccccc4n3)ccc2n1Cc1ccc(Br)cc1)C(=O)O,7.26
CC(C)(C)NS(=O)(=O)c1ccccc1-c1ccc(-c2cnc(N)c(F)c2)c(F)c1,8.3
N#Cc1nc(-c2ccc(-c3ccccc3Oc3nccc(N)n3)cc2F)cnc1N,8.08
CC(C)(Cc1nc2cc(OCc3ccc4ccccc4n3)ccc2n1Cc1ccc(F)c(C(F)(F)F)c1)C(=O)O,6.85
CC(=O)N1CCC(S(=O)(=O)c2ncccc2-c2ccc(-c3cnc(N)cn3)c(F)c2)CC1,7.66
Nc1cnc(-c2ccc(C3CCC3)c(Oc3ccc(C(=O)O)cn3)c2F)cn1,7.9
CCCc1ccc(-c2cnc(N)cn2)c(F)c1Oc1ncccn1,6.47
O=S(=O)(c1ccccc1-c1ccc(-c2cnc3[nH]ccc3n2)c(F)c1)N1CCOCC1,8.7
CCC(CC)Cc1nc2ccc(OCc3ccc(C)cn3)cc2n1Cc1cccc(Br)c1,7.25
COc1cc(Oc2c(C3CCC3)ccc(-c3cnc(N)nc3)c2F)ncn1,7.04
N#CCCN(C1CC1)S(=O)(=O)c1ccccc1-c1ccc(-c2cnc(N)nc2)c(F)c1,7.23
NC(=O)NC1CCN(S(=O)(=O)Cc2ccccc2-c2ccc(-c3cnc(N)cn3)c(F)c2)CC1,6.45
Cc1ccc(COc2ccc3nc(C4CCCC[C@H]4C(=O)O)n(Cc4ccc(C#N)cc4)c3c2)nc1,7.795
CC(C)Cc1cc(Oc2c(C3CCC3)ccc(-c3cnc(N)cn3)c2F)nc(N)n1,8.44
Nc1cnc(-c2ccc(C3CCC3)c(OCC(=O)O)c2F)cn1,5.82
CC(C)(Cc1nc2cc(OCc3ccc4ccccc4n3)ccc2n1Cc1ccc2ncsc2c1)C(=O)O,6.12
N#Cc1ccccc1COc1c(C2CCC2)ccc(-c2cnc(N)cn2)c1F,6.92
COc1cc(Oc2c(C3CCC3)ccc(-c3ccc(N)nn3)c2F)ncn1,5.8
Nc1ccc(-c2ccc(C3CCC3)c(OCc3ccc(C(=O)O)cc3)c2F)cn1,7.39
CCC(CC)(Cc1nc2ccc(OCc3ccn(C)n3)cc2n1Cc1ccc(Br)cc1F)C(=O)O,7.24
CC(C)(Cc1nc2cc(OCc3ccc4ccccc4n3)ccc2n1Cc1ccc(-c2ccccc2C#N)cc1)C(=O)O,6.08
CCC(CC)(Cc1nc2cc(OCc3ccc4ccccc4n3)ccc2n1Cc1ccc(-c2noc(C)n2)cc1)C(=O)O,7.12
Cc1ccc(COc2ccc3nc(C4CCCC[C@H]4C(=O)O)n(Cc4ccc(Br)cc4F)c3c2)nc1,8.35
CCN(CC)C(=O)c1ccccc1-c1ccc(-c2cnc(N)cn2)c(F)c1,7.85
COc1cccnc1Oc1c(C2CCC2)ccc(-c2cnc(N)cn2)c1F,6.92
COc1ccccc1-c1ccc(-c2cnc(N)cn2)c(F)c1,6.95
N#Cc1nc(-c2ccc(-c3ccccc3S(=O)(=O)C3CC3)cc2F)cnc1N,7.44
Nc1cnc(-c2ccc(-c3ccccc3S(=O)(=O)N[C@@H](CO)c3ccccc3)cc2F)cn1,9.0
CC(C)(Cc1nc2cc(OCc3ccc4ccccc4n3)ccc2n1Cc1cccc(Cl)c1)C(=O)O,6.89
CC(C)(C)S(=O)(=O)c1ncccc1-c1ccc(-c2cnc(N)cn2)c(F)c1,8.07
Nc1cnc(NCC(O)COc2c(C3CCC3)ccc(-c3cnc(N)cn3)c2F)nc1,7.52
CC(C)(CN)S(=O)(=O)c1ccccc1-c1ccc(-c2cnc(N)cn2)c(F)c1,6.01
Nc1cnc(-c2ccc(-c3cccnc3OC3CCCC3)cc2F)cn1,7.04
CCC(CC)(Cc1nc2ccc(OCc3ccn(C)n3)cc2n1Cc1ccc(C#N)cc1)C(=O)O,5.73
Cc1ccc(COc2ccc3nc(C4[C@H](C(=O)O)C4(C)C)n(Cc4ccc(Br)cc4)c3c2)nc1,7.62
Nc1cnc(-c2ccc(C3CCC3)c(OCC(O)Cn3nccn3)c2F)cn1,7.07
CCNS(=O)(=O)c1cc(C(F)(F)F)ccc1-c1cnc(-c2cnc(N)nc2)c(F)c1,8.62
CS(=O)(=O)c1cc(C(F)(F)F)ccc1-c1ccc(-c2cnc(N)cn2)c(F)c1,7.77
CN(C)CCNc1nccc(Oc2c(C3CCC3)ccc(-c3cnc(N)cn3)c2F)n1,5.65
Cn1ccc(COc2ccc3nc([C@@H]4CCCC[C@@H]4C(=O)O)n(Cc4cccc(-c5ccc(C(F)(F)F)cc5)c4)c3c2)n1,8.85
O=C(O)[C@H]1CCCC[C@H]1c1nc2cc(OCc3ccc4ccccc4n3)ccc2n1Cc1ccc(OC(F)(F)F)c(F)c1,7.72
N#CCCNS(=O)(=O)c1ccccc1-c1ccc(-c2cnc(N)nc2)c(F)c1,7.42
Cc1ccc(COc2ccc3nc([C@@H]4CCCC[C@H]4C(=O)O)n(Cc4ccc(OC(F)(F)F)cc4)c3c2)nc1,8.39
C[C@@H](CC#N)NS(=O)(=O)c1ccccc1-c1ccc(-c2cnc(N)cn2)c(F)c1,8.7
Nc1cc(Oc2ccccc2-c2ccc(-c3cnc(N)nc3)c(F)c2)ccn1,8.14
CCC(CC)(Cc1nc2ccc(OCc3ccn(C)n3)cc2n1Cc1ccc(OC(F)(F)F)c(F)c1)C(=O)O,7.35
Nc1cnc(-c2ccc(-c3ccccc3NS(N)(=O)=O)cc2F)cn1,6.52
C[C@@H](CO)NS(=O)(=O)c1ccccc1-c1ccc(-c2ncc(N)nc2C#N)c(F)c1,7.38
CCN(CC)C(=O)CSc1ccccc1-c1ccc(-c2cnc(N)cn2)c(F)c1,7.68
C[C@H]1CNCCN1S(=O)(=O)c1ccccc1-c1ccc(-c2cnc(N)nc2)c(F)c1,6.87
O=C(O)C1(Cc2nc3cc(OCc4ccc5ccccc5n4)ccc3n2Cc2ccc(N3CCOCC3)cc2)CCCC1,6.96
CC(C)(C)NS(=O)(=O)c1ccccc1-c1ccc(-c2cnc(N)c(Cl)c2)c(F)c1,8.7
CS(=O)(=O)NCCOc1c(C2CCC2)ccc(-c2cnc(N)cn2)c1F,6.63
CC(C)COc1ncccc1-c1ccc(-c2cnc3[nH]ccc3n2)c(F)c1,7.47
Nc1ccc(-c2ccc(C3CCC3)c(O)c2F)cn1,6.12
Nc1cnc(-c2ccc(-c3ccccc3S(=O)(=O)N3C[C@H](O)[C@@H](N4CCOCC4)C3)cc2F)cn1,7.18
Nc1ncc(-c2ccc(-c3ccccc3S(=O)(=O)N3CCC[C@@H]3CO)cc2F)cn1,7.64
Cc1cnc(COc2ccc3nc([C@@H]4CCCC[C@@H]4C(=O)O)n(Cc4ccc(N5CCC(C)CC5)cc4F)c3c2)c(F)c1,8.96
Nc1cnc(-c2ccc(-c3ccccc3CSc3ccncn3)cc2F)cn1,8.52
CC(C)(C)c1ccc(-c2cnc(N)nc2)c(F)c1O,7.14
COCc1cc(Oc2c(C3CCC3)ccc(-c3cnc(N)nc3)c2F)nc(N)n1,8.14
CC(C)(C)c1ccc(-c2cnc(N)cn2)c(F)c1O,7.11
CC(C)(Cc1nc2cc(OCc3ccc4ccccc4n3)ccc2n1Cc1ccc2ncccc2c1)C(=O)O,6.7
Cn1ccc(COc2ccc3nc(CC(C)(C)C(=O)O)n(Cc4ccc(Br)cc4)c3c2)n1,6.37
C[C@H](O)CNS(=O)(=O)c1ccccc1-c1ccc(-c2cnc(N)nc2)nc1,6.16
Nc1cnc(-c2ccc(C3CCC3)c(Oc3ncc(-c4cnc(N)nc4)cn3)c2F)cn1,8.62
CCC(C)(C)NS(=O)(=O)c1ccccc1-c1ccc(-c2ccc(N)nc2)c(F)c1,9.0
CC(C)(Cc1nc2cc(OCc3ccc4ccccc4n3)ccc2n1Cc1ccc(N2CCCC(F)(F)C2)cc1)C(=O)O,6.12
Nc1ncc(-c2ccc(-c3ccccc3S(=O)(=O)N3CCCC(CO)C3)cc2F)cc1F,7.86
Nc1cnc(-c2ccc(-c3ccccc3S(=O)(=O)N3C[C@H](O)[C@@H](O)C3)cc2F)cn1,7.72
CS(=O)(=O)Nc1cccc(-c2ccc(Cn3c(CC4(C(=O)O)CCCC4)nc4cc(OCc5ccc6ccccc6n5)ccc43)cc2)c1,7.35
COc1cc(Oc2c(C(C)(C)C)ccc(-c3cnc(N)cn3)c2F)ncn1,7.09
Nc1cnc(-c2ccc(-c3ccccc3S(=O)(=O)NCCO)cc2F)cn1,8.15
Cc1nc(N)ncc1-c1ccc(-c2ccccc2S(=O)(=O)NC(C)(C)C)cc1F,7.92
Nc1cnc(-c2ccc(-c3ccccc3S(=O)(=O)N3CCC[C@@H]3CO)cc2F)cn1,8.3
Cc1ccc(COc2ccc3nc([C@H]4CCCC[C@H]4C(=O)O)n(Cc4c(F)cc(-c5ccc(C(F)(F)F)cc5)cc4F)c3c2)nc1,8.6
COc1ccc(-c2cccc(Cn3c(CC4(C(=O)O)CCCC4)nc4cc(OCc5ccc6ccccc6n5)ccc43)c2)cn1,7.85
CCN(CC)S(=O)(=O)c1ccccc1-c1ccc(-c2cnc3[nH]ccc3n2)c(F)c1,9.0
CNS(=O)(=O)c1ccccc1-c1ccc(-c2ccc(N)nc2)c(F)c1,5.6
Cc1cnc(COc2ccc3nc([C@H]4CCCC[C@H]4C(=O)O)n(Cc4c(F)cc(-c5ccc(C(F)(F)F)cc5)cc4F)c3c2)c(F)c1,9.18
C[C@@H](NS(=O)(=O)c1ccccc1-c1ccc(-c2cnc(N)nc2)c(F)c1)C(F)(F)F,7.96
Nc1cnc(-c2ccc(C3CCC3)c(OCC(O)Cn3c(=O)[nH]c4ccccc43)c2F)cn1,8.09
COc1c(-c2ccc(C(F)(F)F)cc2)ccc(-c2cnc(N)cn2)c1F,8.06
Cc1cnc(COc2ccc3nc(CC(C)(C)C(=O)O)n(Cc4ccc(-c5ccc(C(F)(F)F)cc5)cc4)c3c2)c(F)c1,8.13
C[C@H](O)CNS(=O)(=O)c1ccccc1-c1ccc(-c2ncc(N)nc2C#N)c(F)c1,7.49
CNC(=O)C1CN(S(=O)(=O)c2ccccc2-c2ccc(-c3cnc(N)nc3)c(F)c2)C1,7.06
CC(C)(Cc1nc2cc(OCc3ccc4ccccc4n3)ccc2n1Cc1ccc(Cl)cc1Cl)C(=O)O,7.11
COc1c(C2CCC2)ccc(-c2cnc3nc[nH]c3n2)c1F,5.71
Cc1nc(COc2c(C3CCC3)ccc(-c3cnc(N)cn3)c2F)no1,7.47
Nc1cnc(-c2ccc(-c3ccccc3NS(=O)(=O)C(F)(F)F)cc2F)cn1,7.85
O=C(O)[C@H]1CCCCC1c1nc2cc(OCc3ccc4ccccc4n3)ccc2n1Cc1cccc(OC(F)(F)F)c1,7.27
O=S(=O)(NCCO)c1ccccc1-c1ccc(-c2cnc3[nH]ccc3c2)c(F)c1,9.0
CC(C)(Cc1nc2cc(OCc3ccc4ccccc4n3)ccc2n1Cc1ccc(-c2cccc(C(N)=O)c2)cc1)C(=O)O,6.64
CC(C)(C)c1ccc(-c2cnc(N)cn2)c(F)c1Oc1nccc(N)n1,8.16
N#CC1CCCN(S(=O)(=O)c2ccccc2-c2ccc(-c3cnc(N)cn3)c(F)c2)C1,8.22
Nc1ccc(-c2ccc(-c3ccccc3S(=O)(=O)N3CCC(CCO)CC3)cc2F)cn1,8.4
Nc1cnc(-c2ccc(C3CCC3)c(OCC(O)Cn3ncccc3=O)c2F)cn1,6.86
Cn1ccc(COc2cc(F)c3nc(C4CCCC[C@@H]4C(=O)O)n(Cc4ccc(N5CC(F)(F)C5)cc4F)c3c2)n1,8.11
Nc1cnc(-c2ccc(C3CCCC3)c(OCc3ccccc3)c2F)cn1,7.19
Nc1cnc(-c2ccc(-c3ccccc3SCC3CNC(=O)O3)cc2F)cn1,8.3
Nc1cnc(-c2ccc(-c3ccccc3C(=O)NC3CCC(O)CC3)cc2F)cn1,5.95
CC(C)S(=O)(=O)c1ncccc1-c1ccc(-c2cnc(N)nc2)c(F)c1,6.56
CN1CCCC[C@@H](NS(=O)(=O)c2ccccc2-c2ccc(-c3cnc(N)cn3)c(F)c2)C1=O,7.23
Cc1cccc(COc2ccc3nc(CC(C)(C)C(=O)O)n(Cc4ccc(Br)cc4)c3c2)n1,5.65
Nc1cnc(-c2ccc(-c3ccccc3S(=O)(=O)N3C[C@H](O)[C@@H](N4CCCC4)C3)cc2F)cn1,7.72
Nc1cnc(-c2ccc(-c3ccccc3SCC(=O)N3CCOCC3)cc2F)cn1,7.14
C[C@H](CO)NS(=O)(=O)c1ccccc1-c1ccc(-c2nnc(N)s2)c(F)c1,7.2
Cc1ccc(COc2ccc3nc([C@H]4CCCC[C@H]4C(=O)O)n(Cc4ccc(OC(F)(F)F)c(F)c4)c3c2)nc1,8.1
CS(=O)(=O)c1ccccc1-c1ccc(-c2cnc3[nH]ccc3n2)c(F)c1,7.48
Cc1ccc(COc2ccc3nc([C@@H]4CCCC[C@@H]4C(=O)O)n(Cc4ccc(N5CC(F)(F)C5)cc4F)c3c2)nc1,8.66
CC(C)(Cc1nc2cc(OCc3ccc4ccccc4n3)ccc2n1Cc1cccc(-c2ccc(S(N)(=O)=O)cc2)c1)C(=O)O,7.8
CC(C)(C)NS(=O)(=O)c1ccccc1-c1ccc(-c2ccc(N)cn2)c(F)c1,7.27
N#Cc1cccnc1Oc1ccccc1-c1ccc(-c2cnc(N)cn2)c(F)c1,8.22
C[C@@H](O)CNS(=O)(=O)c1ccccc1-c1ccc(-c2ncc(N)nc2C#N)c(F)c1,7.63
Nc1cnc(-c2ccc(C3CCC3)c(OCc3cc(Cl)ccc3C(F)(F)F)c2F)cn1,6.37
Nc1ncc(-c2ccc(-c3ccccc3S(=O)(=O)N3CCC(F)(F)C3)cn2)cn1,6.21
CS(=O)(=O)c1ccc(Oc2c(C3CCC3)ccc(-c3cnc(N)cn3)c2F)c(Cl)c1,8.15
Cc1ccc(COc2ccc3nc([C@H]4[C@@H](C(=O)O)C4(C)C)n(Cc4ccc(Br)cc4)c3c2)nc1,5.75
O=C(O)[C@@H]1CCCC[C@H]1c1nc2cc(OCc3ccc4ccccc4n3)ccc2n1Cc1ccc(Br)cc1F,7.92
NC(=O)c1ncc(Oc2c(C3CCC3)ccc(-c3cnc(N)cn3)c2F)cn1,8.01
N#Cc1ncccc1Oc1c(C2CCC2)ccc(-c2cnc(N)cn2)c1F,7.83
Nc1ncc(-c2ccc(-c3ccccc3S(=O)(=O)Nc3ccccc3)cc2F)cn1,8.52
Nc1cnc(-c2ccc(-c3ccccc3S(=O)(=O)N3CCC[C@H]3CO)cc2F)cn1,8.0
Cc1ccc(COc2ccc3nc([C@H]4[C@@H](C(=O)O)C4(C)C)n(Cc4ccc(Br)cc4F)c3c2)nc1,7.64
Nc1ncc(-c2ccc(-c3ccccc3S(=O)(=O)CC3CC3)cc2F)cn1,6.11
Nc1cnc(-c2ccc(-c3cccnc3S(=O)(=O)C3CCC3)cc2F)cn1,8.74
CC(C)(C)NS(=O)(=O)c1ccccc1-c1ccc(-c2ccc(N)nc2C#N)c(F)c1,7.64
Nc1cnc(-c2ccc(C3CCC3)c(OCc3ccccc3OC(F)(F)F)c2F)cn1,6.12
CC(C)(Cc1nc2cc(OCc3ccc4ccccc4n3)ccc2n1Cc1ccc(-c2cnoc2)cc1)C(=O)O,6.66
Nc1cnc(-c2ccc(-c3ccc(C(F)(F)F)cc3CN3CCC(N)CC3)cc2F)cn1,7.33
O=C(O)C1(Cc2nc3cc(OCc4ccc5ccccc5n4)ccc3n2Cc2ccc(-c3cscn3)cc2)CCCC1,7.31
Nc1ccc(-c2ccc(-c3ccccc3S(=O)(=O)N3CCC(CO)CC3)cc2F)cn1,8.3
CC(C)(O)CNS(=O)(=O)c1ccccc1-c1ccc(-c2cnc(N)nc2)c(F)c1,7.49
CC(C)(C)NS(=O)(=O)c1ccccc1-c1ccc(-c2cnc(N)cn2)c(F)c1,9.0
Nc1ncc(-c2ccc(-c3ccccc3S(=O)(=O)N3CCC[C@H]3CO)cc2F)cn1,7.28
O=C(O)C1(Cc2nc3cc(OCc4ccc5ccccc5n4)ccc3n2Cc2ccc(Br)cc2)Cc2ccccc2C1,7.85
Nc1cnc(-c2ccc(C3CCC3)c(Oc3ccnc(-c4ccccc4)n3)c2F)cn1,8.96
CC[C@@H](CO)NS(=O)(=O)c1ccccc1-c1ccc(-c2cnc(N)nc2)c(F)c1,7.3
C[C@@H](CO)NC(=O)c1cc(C(F)(F)F)ccc1-c1ccc(-c2cnc(N)cn2)c(F)c1,7.22
Cn1ccc(COc2cc(F)c3nc([C@@H]4CCCC[C@@H]4C(=O)O)n(Cc4ccc(Br)cc4F)c3c2)n1,8.62
Nc1cnc(-c2ccc(-c3ccccc3S(=O)(=O)NCC3(O)CCCCC3)cc2F)cn1,8.7
Nc1cnc(-c2ccc(-c3cccnc3S(=O)(=O)CC3CCOCC3)cc2F)cn1,7.99
Nc1cnc(-c2ccc(C3CCC3)c(Oc3ccc(C(F)(F)F)nc3)c2F)cn1,6.53
Nc1cnc(-c2ccc(C3CCC3)c(OCc3ccccc3)c2)cn1,5.9
Nc1cnc(-c2ccc(C3CCC3)c(Oc3ccncn3)c2F)cn1,7.7
Nc1cnc(-c2ccc(C3CCC3)c(OCc3ccccc3C(F)(F)F)c2F)cn1,6.6
N#Cc1nc(N)ccc1-c1ccc(-c2ccccc2S(=O)(=O)C2CC2)cc1F,6.46
C[C@H](CO)NC(=O)c1cc(C(F)(F)F)ccc1-c1ccc(-c2cnc(N)cn2)c(F)c1,8.07
C[Si](C)(C)CCOCOc1cc(C(F)(F)F)ccc1-c1ccc(-c2cnc(N)nc2)c(F)c1,6.83
Cc1ccc(COc2ccc3nc(C4CCCC[C@H]4C(=O)O)n(Cc4ccc(N5CC(F)(F)C5)cc4)c3c2)nc1,8.14
Cn1cc(-c2cccc(Cn3c(CC4(C(=O)O)CCCC4)nc4cc(OCc5ccc6ccccc6n5)ccc43)c2)cn1,8.12
Nc1cnc(-c2ccc(-c3ccc(C(F)(F)F)cc3O)cc2F)cn1,8.7
CCNS(=O)(=O)c1cc(C(F)(F)F)ccc1-c1ccc(-c2cnc(N)cn2)c(F)c1,9.0
Cc1nccc(Oc2ccccc2-c2ccc(-c3cnc(N)cn3)c(F)c2)n1,7.92
CC(C)(Cc1nc2cc(OCc3ccc4ccccc4n3)ccc2n1Cc1ccccc1-c1cccc(C(=O)O)c1)C(=O)O,6.24
Nc1cnc(-c2ccc(-c3ccc(C(F)(F)F)cc3-c3cnc(N)nc3)cc2F)cn1,8.33
Cc1ccc(COc2ccc3nc(C4CCCCC4)n(Cc4ccc(-c5ccc(C(F)(F)F)cc5)cc4)c3c2)nc1,7.96
CN(C)S(=O)(=O)Nc1ccccc1-c1ccc(-c2cnc(N)nc2)c(F)c1,6.13
Nc1cnc(-c2ccc(-c3ccccc3S(=O)(=O)N3CCC(O)CC3)cc2F)cn1,8.52
Nc1cnc(-c2ccc(-c3ccccc3Sc3cnccn3)cc2F)cn1,8.52
Nc1cnc(-c2ccc(-c3cccnc3S(=O)(=O)C3CCCC3)cc2F)cn1,9.22
Nc1cnc(-c2ccc(C3CCC3)c(OCc3nc4ccccc4s3)c2F)cn1,7.01
Nc1cnc(-c2ccc(-c3ccccc3S(=O)(=O)N3CCS(=O)(=O)CC3)cc2F)cn1,8.52
CS(=O)(=O)c1cc(C(F)(F)F)ccc1-c1ccc(-c2cnc(N)nc2)c(F)c1,6.11
Nc1cnc(-c2ccc(CC3CCCCC3)c(Oc3nccc(N)n3)c2F)cn1,6.45
Nc1cnc(-c2ccc(-c3ccccc3S(=O)(=O)NCCCCCO)cc2F)cn1,8.7
CCC(CC)(Cc1nc2ccc(OCc3ccn(C)n3)cc2n1Cc1ccc(Br)cc1)C(=O)O,7.49
Nc1ncc(-c2ccc(-c3ccccc3S(=O)(=O)N3CC4(COC4)C3)cc2F)cn1,6.58
CS(=O)(=O)c1ccc(-c2ccc(Cn3c(CC4(C(=O)O)CCCC4)nc4cc(OCc5ccc6ccccc6n5)ccc43)cc2)cc1,6.96
CC(CO)(CO)NS(=O)(=O)c1ccccc1-c1ccc(-c2cnc(N)nc2)c(F)c1,8.1
CC(NS(=O)(=O)c1ccccc1-c1ccc(-c2ccc(N)nc2)c(F)c1)C(F)(F)F,8.3
O=C(O)C1(Cc2nc3cc(OCc4ccc5ccccc5n4)ccc3n2Cc2ccc(-c3cn[nH]c3)cc2)CCCC1,6.08
Nc1cnc(-c2ccc(-c3ccccc3S(=O)(=O)N3CCC(c4cnc[nH]4)CC3)cc2F)cn1,9.0
Nc1cnc(-c2ccc(-c3ccccc3S(=O)(=O)N[C@H]3CC[C@@H](N)CC3)cc2F)cn1,9.0
NC(=O)c1ccnc(Oc2c(C3CCC3)ccc(-c3cnc(N)cn3)c2F)n1,7.69
Nc1cnc(-c2ccc(C3CCC3)c(OCC(O)Cn3ccncc3=O)c2F)cn1,6.53
Nc1cnc(-c2ccc(-c3ccccc3S(=O)(=O)Nc3ccc(C(F)(F)F)nc3)cc2F)cn1,9.0
Cc1ccccc1-c1ccc(-c2cnc(N)cn2)c(F)c1,6.21
Nc1ccc(-c2ccc(-c3ccccc3S(=O)(=O)N3CCCCC3)cc2F)cn1,7.55
CC(C)S(=O)(=O)c1ncccc1-c1ccc(-c2cnc(N)cn2)c(F)c1,8.05
O=C(O)[C@@H]1CCCC[C@@H]1c1nc2cc(OCc3ccc4cc(F)ccc4n3)ccc2n1Cc1ccc(Br)cc1,8.24
Nc1cnc(-c2ccc(-c3ccccc3-c3cnc(N)nc3)cc2F)cn1,7.81
Nc1cc(Oc2ccccc2-c2ccc(-c3cnc(N)nc3)c(F)c2)ncn1,7.68
CC(C)(C)OC(=O)N1CCC(COc2ncccc2-c2ccc(-c3cnc(N)cn3)c(F)c2)C1,6.87
Nc1ncc(-c2ccc(-c3ccccc3S(=O)(=O)N[C@@H](c3ccccc3)C(F)(F)F)cc2F)cn1,7.92
CC(C)(Cc1nc2cc(OCc3ccc4ccccc4n3)ccc2n1Cc1cccc(OC(F)(F)F)c1)C(=O)O,6.35
Nc1ncc(-c2ccc(-c3ccccc3Oc3ccnc(C(F)(F)F)n3)cc2F)cn1,6.33
CC(C)(C)OC(=O)COc1c(C2CCC2)ccc(-c2cnc(N)cn2)c1F,6.88
Nc1cnc(-c2ccc(-c3ccccc3N3CCNC3=O)cc2F)cn1,6.52
Cc1ccc(COc2cc(Cl)c3nc(C4CCCC[C@H]4C(=O)O)n(Cc4ccc(Br)cc4)c3c2)nc1,8.24
Nc1ccc(-c2ccc(C3CCC3)c(Oc3ncccn3)c2F)nn1,5.67
Nc1cnc(-c2ccc(-c3ccccc3Oc3ccnc(C(F)(F)F)n3)cc2F)cn1,7.46
C[C@@H](CO)NS(=O)(=O)c1ccccc1-c1ccc(-c2cnc3[nH]ccc3c2)c(F)c1,9.0
Cn1ccc(COc2ccc3nc([C@H]4CCCC[C@H]4C(=O)O)n(Cc4ccc(OC(F)(F)F)cc4)c3c2)n1,8.14
Nc1cnc(-c2ccc(C3CCC3)c(Oc3nccc(-c4cccs4)n3)c2F)cn1,9.0
Nc1ncc(-c2ccc(-c3ccc(C(F)(F)F)cc3S(=O)(=O)NCCO)cn2)cn1,6.75
N#Cc1ccc(Oc2c(C3CCC3)ccc(-c3cnc(N)cn3)c2F)cc1,7.64
CC(C)(Cc1nc2cc(OCc3ccc4ccccc4n3)ccc2n1Cc1ccc(-c2ccccc2F)cc1)C(=O)O,6.12
Nc1cnc(-c2ccc(-c3ccccc3S(=O)(=O)N3CCN4CCCC4C3)cc2F)cn1,7.96
O=C(O)[C@@H]1CCCC[C@@H]1c1nc2cc(OCc3ccc4cc(Cl)ccc4n3)ccc2n1Cc1ccc(Br)cc1,7.14
Nc1ncc(-c2ccc(-c3ccccc3S(=O)(=O)N3CCNC(=O)C3)cn2)cn1,6.13
Nc1cnc(-c2ccc(-c3ccccc3S(=O)(=O)C3CCS(=O)(=O)CC3)cc2F)cn1,7.82
Nc1ccc(-c2ccc(-c3ccccc3S(=O)(=O)NCC3(O)CNC3)cc2F)cn1,7.26
Nc1cnc(-c2ccc(C3CCC3)c(Oc3ccnnc3)c2F)cn1,7.51
Nc1cnc(-c2ccc(-c3ccccc3C(=O)N3CCS(=O)(=O)CC3)cc2F)cn1,6.83
NC(=O)NCCNS(=O)(=O)c1ccccc1-c1ccc(-c2cnc(N)cn2)c(F)c1,8.0
Oc1c(C2CCC2)ccc(-c2cnc3c(c2)OCCN3)c1F,7.71
Nc1cnc(-c2ccc(C3CCCCC3)c(Oc3nccc(N)n3)c2F)cn1,8.02
N#Cc1ccc(Oc2c(C3CCC3)ccc(-c3cnc(N)cn3)c2F)cn1,7.61
Cc1nc(-c2ccc(Cn3c(CC4(C(=O)O)CCCC4)nc4cc(OCc5ccc6ccccc6n5)ccc43)cc2)no1,6.92
Nc1cnc(-c2ccc(-c3ccccc3S(=O)(=O)C3CC3)cc2F)cn1,8.0
O=C(O)[C@H]1CCCC[C@H]1c1nc2cc(OCc3ccc4ccccc4n3)ccc2n1Cc1ccccc1C(F)(F)F,6.7
CC(C)(C)NS(=O)(=O)c1ccccc1-c1ccc(-c2cnc(N)c(C#N)n2)c(F)c1,9.0
Nc1ccc(-c2ccc(-c3ccccc3S(=O)(=O)N[C@@H](c3ccccc3)C(F)(F)F)cc2F)cn1,7.77
Cn1ccc(COc2ccc3nc(C4CCCC[C@@H]4C(=O)O)n(Cc4ccc(C#N)cc4)c3c2)n1,6.12
Fc1c(-c2cnc3c(c2)OCCN3)ccc(C2CCC2)c1Oc1cccc(C(F)(F)F)n1,8.54
CC(C)(C)NS(=O)(=O)c1ccccc1-c1ccc(-c2cnc(N)c(C(F)(F)F)c2)c(F)c1,7.09
Nc1cnc(-c2ccc(-c3ccccc3S(=O)(=O)NC3Cc4ccccc4C3)cc2F)cn1,8.7
CC(C)[C@H](CO)NS(=O)(=O)c1ccccc1-c1ccc(-c2cnc(N)nc2)c(F)c1,8.05
Nc1cnc(-c2ccc(-c3ccccc3OC3CCNCC3)cc2F)cn1,5.72
Nc1cnc(-c2ccc(C3CCC3)c(OCc3c(F)cccc3F)c2F)cn1,6.77
CC(C)(C)NS(=O)(=O)c1ccccc1-c1ccc(-c2cnc(N)nc2)c(F)c1,8.7
Nc1cnc(-c2ccc(C3CCC3)c(OCc3ccc(Cl)cn3)c2F)cn1,6.64
CC(C)(Cc1nc2cc(OCc3ccc4ccccc4n3)ccc2n1Cc1ccc(-c2cccc(C#N)c2)cc1)C(=O)O,6.6
CC(C)CS(=O)(=O)N(C)c1ccccc1-c1ccc(-c2cnc(N)cn2)c(F)c1,7.6
CNS(=O)(=O)c1ccccc1-c1ccc(-c2cnc3[nH]ccc3n2)c(F)c1,9.0
Nc1cnc(-c2ccc(-c3ccccc3S(=O)(=O)N3CC(O)C3)cc2F)cn1,8.52
CCCCCCS(=O)(=O)c1ccccc1-c1ccc(-c2cnc(N)cn2)c(F)c1,7.08
Nc1cnc(-c2ccc(-c3ccccc3S(=O)(=O)N3CCC(O)(C(F)(F)F)CC3)cc2F)cn1,9.0
Cc1cnc(COc2ccc3nc([C@@H]4[C@H](C(=O)O)C4(C)C)n(Cc4ccc(Br)cc4)c3c2)c(F)c1,8.54
Cc1nc(-c2ccc(Cn3c(C4CCCC[C@@H]4C(=O)O)nc4cc(OCc5ccc6ccccc6n5)ccc43)cc2)no1,7.77
COc1ncc(-c2ccc(Cn3c(C4CCCC[C@@H]4C(=O)O)nc4cc(OCc5ccc6ccccc6n5)ccc43)cc2)cn1,6.96
CC(C)(C)NS(=O)(=O)c1ccccc1-c1ccc(-c2cnc(N)cn2)c(F)c1F,8.7
Fc1cc(-c2ccccc2Oc2ncccn2)ccc1-c1cnc2[nH]ccc2c1,8.52
CCC(CC)(Cc1nc2ccc(OCc3ccc(C)cn3)cc2n1Cc1ccc(N2CCC(F)(F)CC2)cc1)C(=O)O,7.0
O=C(O)[C@@H]1CCCC[C@@H]1c1nc2cc(OCc3ccc4cc(F)ccc4n3)ccc2n1Cc1ccc(N2CCC(C(F)(F)F)CC2)cc1,7.17
N#Cc1cc(Oc2ccccc2-c2ccc(-c3cnc(N)cn3)c(F)c2)ccn1,8.52
Cc1ccc(COc2ccc3nc([C@@H]4CCCC[C@@H]4C(=O)O)n(Cc4ccc(N5CCC(F)(F)C5)cc4F)c3c2)nc1,6.12
NC[C@H]1CCCN1S(=O)(=O)c1ccccc1-c1ccc(-c2cnc(N)cn2)c(F)c1,7.12
CC(C)(Cc1nc2cc(OCc3ccc4ccccc4n3)ccc2n1Cc1ccc(-c2cncs2)cc1)C(=O)O,6.68
Nc1cnc(-c2ccc(C3CCC3)c(Oc3nccc(-c4ccccc4)n3)c2F)cn1,9.0
Nc1cnc(-c2ccc(C3CCC3)c(OCCNc3ncccn3)c2F)cn1,8.17
Nc1ncc(-c2ccc(-c3ccccc3-c3cnc(N)nc3)cc2F)cn1,6.29
Nc1ncc(-c2ccc(-c3cccnc3S(=O)(=O)C3CCCCC3)cc2F)cn1,8.24
O=C(c1ncccc1-c1ccc(-c2cnc3[nH]ccc3c2)c(F)c1)N1CCOCC1,6.14
Cc1csc2ncnc(Oc3c(C4CCC4)ccc(-c4cnc(N)cn4)c3F)c12,8.43
NCCOc1ccccc1-c1ccc(-c2cnc(N)cn2)c(F)c1,5.87
COC(=O)c1ccc(O)c(NC(=O)COc2c(C3CCC3)ccc(-c3cnc(N)cn3)c2F)c1,6.86
CC(C)(Cc1nc2cc(OCc3ccc4ccccc4n3)ccc2n1Cc1ccc(-c2cccnc2)cc1)C(=O)O,6.08
CC1(C)CCC(Cc2nc3cc(OCc4ccc5ccccc5n4)ccc3n2Cc2ccc(Br)cc2)(C(=O)O)C1,8.04
Nc1cnc(-c2ccc(-c3cccnc3OCCO)cc2F)cn1,6.08
Nc1cnc(-c2ccc(-c3ccccc3S(=O)(=O)Nc3cccnc3)cc2F)cn1,8.4
COc1cc(NS(=O)(=O)c2ccccc2-c2ccc(-c3cnc(N)cn3)c(F)c2)nc(OC)n1,6.79
Nc1cnc(-c2ccc(-c3ccc(C(F)(F)F)cc3C(=O)N3CCS(=O)(=O)CC3)cc2F)cn1,8.28
Nc1ncc(-c2ccc(-c3ccc(C(F)(F)F)cc3Oc3ccnc(N)n3)cn2)cn1,7.09
Cn1ccc(COc2ccc3nc([C@@H]4CCCC[C@@H]4C(=O)O)n(Cc4ccc(C#N)cc4)c3c2)n1,6.31
CC(C)CS(=O)(=O)Nc1ccccc1-c1ccc(-c2cnc3[nH]ccc3n2)c(F)c1,8.4
Cc1ccc(COc2ccc3nc(C4[C@@H](C(=O)O)C4(C)C)n(Cc4ccc(Br)cc4)c3c2)nc1,5.89
Cc1ccnc(Oc2c(C3CCC3)ccc(-c3cnc(N)cn3)c2F)n1,7.52
Nc1ncc(-c2ccc(-c3ccccc3S(=O)(=O)CCCS(=O)(=O)C3CCCCC3)cc2F)cn1,6.69
CS(=O)(=O)c1cc(Cl)ccc1COc1c(C2CCC2)ccc(-c2cnc(N)cn2)c1F,6.12
CC(C)(Cc1nc2cc(OCc3nc4ccccc4s3)ccc2n1Cc1ccc(Br)cc1)C(=O)O,7.12
Fc1c(-c2cnc3c(c2)OCCN3)ccc(C2CCC2)c1Oc1ncccn1,8.6
Cc1ccc(COc2ccc3nc([C@H]4CCCC[C@H]4C(=O)O)n(Cc4ccc(N5CCCCC5)cc4)c3c2)nc1,6.57
N#Cc1ccc(COc2c(C3CCC3)ccc(-c3cnc(N)cn3)c2F)cc1,6.71
O=C(O)[C@H]1CCCC[C@H]1c1nc2cc(OCc3ccc4ccccc4n3)ccc2n1Cc1ccc(OC(F)(F)F)cc1F,8.29
Nc1ncc(-c2ccc(-c3ccccc3S(=O)(=O)N3CCS(=O)(=O)CC3)cc2F)cn1,7.55
Cc1cc(C)nc(Oc2ccccc2-c2ccc(-c3cnc(N)cn3)c(F)c2)n1,7.54
Nc1cnc(-c2ccc(C3CCC3)c(OCC(O)CN3CCS(=O)(=O)CC3)c2F)cn1,6.36
Nc1cnc(-c2ccc(-c3cccnc3S(=O)(=O)C3CCNCC3)cc2F)cn1,5.88
Cc1cnc(COc2ccc3nc([C@H]4CCCC[C@H]4C(=O)O)n(Cc4ccc(N5CCC(F)CC5)cc4F)c3c2)c(F)c1,9.47
NC(=O)CSc1ccccc1-c1ccc(-c2cnc(N)cn2)c(F)c1,7.46
COc1cc(OC(F)(F)F)ccc1Cn1c([C@H]2CCCC[C@H]2C(=O)O)nc2ccc(OCc3ccn(C)n3)cc21,8.23
NC(=O)C1CCN1S(=O)(=O)c1ccccc1-c1ccc(-c2cnc(N)cn2)c(F)c1,6.88
Nc1cnc(-c2ccc(-c3ccccc3-c3cncnc3)cc2F)cn1,7.01
Nc1cnc(-c2ccc(-c3cccnc3S(=O)(=O)C3CCNC3)cc2F)cn1,6.97
CCC(CC)(Cc1nc2c(F)cc(OCc3ccc(C)cn3)cc2n1Cc1ccc(OC(F)(F)F)cc1)C(=O)O,7.77
Nc1ncc(-c2ccc(-c3ccc(C(F)(F)F)cc3S(N)(=O)=O)cc2F)cn1,7.49
CC(C)(Cc1nc2cc(OCc3ccc4ccccc4n3)ccc2n1Cc1cccc(-c2ccc[nH]2)c1)C(=O)O,7.19
CN(c1ccccc1-c1ccc(-c2cnc3[nH]ccc3n2)c(F)c1)S(C)(=O)=O,7.82
Nc1ccc(-c2ccc(-c3ccccc3S(=O)(=O)N3CCCC3)cc2F)cn1,7.09
Nc1ncc(-c2ccc(-c3cccnc3S(=O)(=O)CC3CCOCC3)cc2F)cn1,6.72
CC(C)Oc1ncccc1-c1ccc(-c2cnc(N)nc2)c(F)c1,6.89
Cc1nc(-c2ccc(-c3ccccc3S(=O)(=O)NC(C)(C)C)cc2F)cnc1N,9.0
CC(C)(Cc1nc2cc(OCc3ccc4ccccc4n3)ccc2n1Cc1cccc(-c2ccc(C(F)(F)F)nc2)c1)C(=O)O,6.47
Cc1ccc(COc2cc(Cl)c3nc(CC(C)(C)C(=O)O)n(Cc4ccc(Br)cc4)c3c2)nc1,7.07
CC(C)Cc1ccc(-c2cnc(N)cn2)c(F)c1Oc1ncccn1,6.68
NC(=O)C1(S(=O)(=O)c2ccccc2-c2ccc(-c3cnc(N)cn3)c(F)c2)CCCC1,7.83
Cc1cnc(COc2ccc3nc([C@H]4CCCC[C@H]4C(=O)O)n(Cc4ccc(N5CCC(F)CC5)cc4)c3c2)c(F)c1,9.38
O=C(O)[C@H]1CCCC[C@H]1c1nc2cc(OCc3ccc4cc(F)ccc4n3)ccc2n1Cc1ccc(-c2ccc(C(F)(F)F)cc2)cc1,7.11
CN(C)C1CCN(S(=O)(=O)c2ccccc2-c2ccc(-c3cnc(N)cn3)c(F)c2)CC1,7.21
CCC(CC)(Cc1nc2ccc(OCc3ccc(C)cn3)cc2n1Cc1ccc(OC(F)(F)F)c(F)c1)C(=O)O,7.1
Nc1cnc(-c2ccc(-c3ccccc3Sc3cncc(N)n3)cc2F)cn1,8.54
COc1ccc(Cn2c(CC3(C(=O)O)CCCC3)nc3cc(OCc4ccc5ccccc5n4)ccc32)cc1,7.43
CC(C)(Cc1nc2cc(OCc3ccc4ccccc4n3)ccc2n1Cc1ccc(-c2ccc(F)cc2)cc1)C(=O)O,6.59
[C-]#[N+]c1ccc(COc2c(C3CCC3)ccc(-c3cnc4c(c3)OCCN4)c2F)cc1,7.33
CCC(CC)(Cc1nc2ccc(OCc3ccn(C)n3)cc2n1Cc1ccc(N2CCCC(F)(F)C2)cc1)C(=O)O,6.21
O=C(O)[C@@H]1CCCC[C@@H]1c1nc2cc(OCc3nc4ccccc4s3)ccc2n1Cc1ccc(-c2cncnc2)cc1,7.37
Cc1cnc(COc2ccc3nc([C@@H]4CCCC[C@@H]4C(=O)O)n(Cc4c(F)cc(Br)cc4F)c3c2)c(F)c1,9.21
NC(=O)C1CCN(S(=O)(=O)c2ccccc2-c2ccc(-c3cnc(N)nc3)c(F)c2)CC1,8.27
CC(C)(Cc1nc2cc(OCc3ccc4ccccc4n3)ccc2n1Cc1ccc(Br)cc1F)C(=O)O,7.26
Nc1ncc(-c2ccc(-c3ccc(C(F)(F)F)cc3Oc3ccnc(N)n3)cc2F)cn1,8.3
Nc1cnc(-c2ccc(-c3ccccc3OCCO)cc2F)cn1,6.47
CC(C)(C)c1cc(Oc2c(C3CCC3)ccc(-c3cnc(N)cn3)c2F)nc(N)n1,7.63
Nc1cnc(-c2ccc(C3CCC3)c(OCc3cccc(Cl)c3Cl)c2F)cn1,6.12
CC(C)(C)NS(=O)(=O)c1ccccc1-c1ccc(-c2cnc(N)c(N)n2)c(F)c1,8.4
CCC(CC)(Cc1nc2ccc(OCc3ccc(C)cn3)cc2n1Cc1ccc(Br)cc1)C(=O)O,8.0
C[C@H](CO)NS(=O)(=O)c1ccccc1-c1ccc(-c2cnc(N)c(C#N)n2)c(F)c1,7.72
Cc1ccc(Cn2c([C@@H]3CCCC[C@@H]3C(=O)O)nc3ccc(OCc4ccc(C)cn4)cc32)cc1,8.18
CN([C@H]1CCCNC1)S(=O)(=O)c1ccccc1-c1ccc(-c2cnc(N)cn2)c(F)c1,8.4
CS(=O)(=O)c1ccc(Oc2c(C3CCC3)ccc(-c3cnc(N)cn3)c2F)cc1C(F)(F)F,7.99
Nc1ncc(-c2ccc(-c3ccccc3-c3cnccn3)cc2F)cn1,6.08
Nc1cnc(-c2ccc(C3CCC3)c(OCc3nc(C4CC4)no3)c2F)cn1,7.92
CC(C)(Cc1nc2cc(OCc3ccc4ccccc4n3)ccc2n1Cc1ccc(-c2cccc(F)c2)cc1)C(=O)O,6.85
Nc1cnc(-c2ccc(C3CCC3)c(Oc3cnccn3)c2F)cn1,8.15
Nc1cnc(-c2ccc(-c3ccccc3S(=O)(=O)N(C3CCOCC3)C3CC3)cc2F)cn1,9.0
CCC(CC)(Cc1nc2ccc(OCc3ccn(C)n3)cc2n1Cc1ccc(-c2ccc(C(F)(F)F)cc2)cc1)C(=O)O,7.92
Cc1ccc(COc2ccc3nc([C@H]4[C@H](C(=O)O)C4(C)C)n(Cc4ccc(Br)cc4)c3c2)nc1,6.4
CCCS(=O)(=O)Nc1ccccc1-c1ccc(-c2cnc(N)cn2)c(F)c1,8.0
Cc1c(-c2ccccc2NS(C)(=O)=O)ccc(-c2cnc(N)cn2)c1F,6.01
Nc1cnc(-c2ccc(C3CCC3)c(OCc3cccnn3)c2F)cn1,6.44
Cc1ccc(COc2cc(F)c3nc([C@H]4CCCC[C@@H]4C(=O)O)n(Cc4ccc(Br)cc4)c3c2)nc1,8.09
C[C@@H](NC(=O)c1cc(C(F)(F)F)ccc1-c1ccc(-c2cnc(N)nc2)c(F)c1)C(F)(F)F,6.89
Cc1ccc(-c2ccc(Cn3c(CC(C)(C)C(=O)O)nc4cc(OCc5ccc6ccccc6n5)ccc43)cc2)cc1,6.21
Cc1ccc(COc2c(C3CCC3)ccc(-c3cnc4c(c3)OCCN4)c2F)cc1,8.01
CN(c1ccccc1-c1ccc(-c2cnc(N)cn2)c(F)c1)S(C)(=O)=O,6.45
Cc1ccc(COc2cc3c(cc2Cl)nc([C@H]2CCCC[C@H]2C(=O)O)n3Cc2ccc(OC(F)(F)F)cc2F)nc1,6.04
Cc1cnc(NS(=O)(=O)c2ccccc2-c2ccc(-c3cnc(N)cn3)c(F)c2)cn1,7.33
Nc1cnc(-c2ccc(C3CCC3)c(OCCO)c2F)cn1,7.0
O=C(O)[C@H]1CCCCC1c1nc2cc(OCc3ccc4ccccc4n3)ccc2n1Cc1ccc(N2CCCC(F)(F)C2)cc1F,7.64
N#Cc1nc(N)cnc1-c1ccc(-c2ccc(C(F)(F)F)cc2Oc2ncccn2)cc1F,8.7
CS(=O)(=O)NS(=O)(=O)c1ccccc1-c1ccc(-c2cnc(N)cn2)c(F)c1,6.45
CC(C)(Cc1nc2cc(OCc3ccc4ccccc4n3)ccc2n1Cc1ccc(-c2ccc[nH]2)cc1)C(=O)O,6.92
Nc1ncc(-c2ccc(-c3ccccc3S(=O)(=O)N[C@@H]3CCCNC3=O)cc2F)cn1,6.74
Nc1cnc(-c2ccc(-c3ccccc3Oc3ncccn3)cc2F)cn1,8.1
CC(C)(Cc1nc2cc(OCc3ccc4ccccc4n3)ccc2n1Cc1ccc(N2CCCCC2)cc1)C(=O)O,6.47
C[C@H](O)CNS(=O)(=O)c1ccccc1-c1ccc(-c2cnc(N)c(C#N)n2)c(F)c1,7.96
N#Cc1cnn(CC(O)COc2c(C3CCC3)ccc(-c3cnc(N)cn3)c2F)c1N,7.74
Nc1cnc(-c2ccc(C3CCC3)c(OCc3ccc(S(F)(F)(F)(F)F)cc3)c2F)cn1,6.6
Cc1ccc(Cn2c(C3CCCC[C@@H]3C(=O)O)nc3c(F)cc(OCc4ccc(C)cn4)cc32)cc1,7.33
N#Cc1cccc(COc2c(C3CCC3)ccc(-c3cnc4c(c3)OCCN4)c2F)c1,7.92
COc1ncc(-c2cccc(Cn3c([C@H]4[C@@H](C(=O)O)C4(C)C)nc4cc(OCc5ccc6ccccc6n5)ccc43)c2)cn1,6.8
COc1c(-c2ccccc2)ccc(-c2cnc(N)cn2)c1F,7.31
O=C(O)[C@H]1CCCCC1c1nc2cc(OCc3nc4ccccc4s3)ccc2n1Cc1ccc(Br)cc1,7.89
Nc1ccc(-c2ccc(-c3ccccc3S(=O)(=O)N3CCC(O)CC3)cc2F)cn1,7.66
Nc1cnc(-c2ccc(C3CCC3)c(OCc3cccc(F)c3F)c2F)cn1,6.45
Cc1cnc(COc2ccc3nc(CC(C)(C)C(=O)O)n(Cc4ccc(Br)cc4)c3c2)c(F)c1,8.07
Cc1ccc(COc2ccc3nc([C@@H]4[C@@H](C(=O)O)C4(C)C)n(Cc4ccc(Br)cc4)c3c2)nc1,6.11
Nc1cnc(-c2ccc(-c3ccccc3C(=O)N3CCOC(C(F)(F)F)C3)cc2F)cn1,7.16
Nc1ncc(-c2ccc(C3CCC3)c(Oc3cc(=O)nc[nH]3)c2F)cn1,7.4
C[C@H](CO)NS(=O)(=O)c1ccccc1-c1ccc(-c2cnc3[nH]ccc3n2)c(F)c1,9.0
Nc1cnc(-c2ccc(C3CCC3)c(OCc3ccc(C(=O)O)cc3)c2F)cn1,7.96
CC(C)N(CCO)S(=O)(=O)c1ccccc1-c1ccc(-c2cnc(N)cn2)c(F)c1,9.0
O=C(O)[C@H]1CCCC[C@H]1c1nc2cc(OCc3ccc4ccccc4n3)ccc2n1Cc1ccc(Br)cc1,6.29
O=C(O)C1(Cc2nc3cc(OCc4ccc5ccccc5n4)ccc3n2Cc2ccc(-c3ccccc3)cc2)CCCC1,6.96
Nc1cnc(-c2ccc(-c3ccccc3Sc3ncccn3)cc2F)cn1,8.7
CCC(CC)(Cc1nc2ccc(OCc3ncc(C)cc3F)cc2n1Cc1ccc(C#N)cc1)C(=O)O,7.92
CC(C)Oc1ccccc1-c1ccc(-c2cnc(N)cn2)c(F)c1,7.27
Cc1ccc(COc2cc(F)c3nc(CC4(C(=O)O)CCCC4)n(Cc4ccc(C(F)(F)F)cc4)c3c2)nc1,7.22
Cc1ccc(COc2cc(F)c3nc([C@@H]4CCCC[C@@H]4C(=O)O)n(Cc4ccc(Br)cc4)c3c2)nc1,8.54
COc1cc(Oc2c(C3CCC3)ccc(-c3cnc4[nH]ccc4n3)c2F)ncn1,8.11
CC(C)(C#N)S(=O)(=O)c1ccccc1-c1ccc(-c2cnc(N)nc2)c(F)c1,6.25
N#CCCN(C1CC1)S(=O)(=O)c1ccccc1-c1ccc(-c2cnc(N)cn2)c(F)c1,8.4
Cc1ccc(COc2cc(Cl)c3nc(CC4(C(=O)O)CCCC4)n(Cc4ccc(Br)cc4)c3c2)nc1,7.62
Nc1cnc(-c2ccc(C3CCC3)c(Oc3cnc(C(F)(F)F)cn3)c2F)cn1,6.6
NCCNS(=O)(=O)c1ccccc1-c1ccc(-c2cnc(N)cn2)c(F)c1,7.09
C[C@@H](CO)NS(=O)(=O)Cc1ccccc1-c1ccc(-c2cnc(N)cn2)c(F)c1,6.53
CNC(=O)c1ccccc1-c1ccc(-c2cnc(N)cn2)c(F)c1,5.71
Nc1cnc(-c2ccc(-c3ccccc3S(=O)(=O)NC3CCNCC3)cc2F)cn1,7.08
Nc1cnc(-c2ccc(-c3ccccc3S(=O)(=O)N3C[C@@H]4C[C@H]3CN4)cc2F)cn1,6.84
Cc1ccc(COc2ccc3nc([C@H]4CCCC[C@H]4C(=O)O)n(Cc4ccc(OC(F)(F)F)cc4F)c3c2)nc1,8.37
Cc1ccc(COc2ccc3nc(C4CCCC[C@H]4C(=O)O)n(Cc4ccc(N5CCC(F)(F)C5)cc4F)c3c2)nc1,8.32
Cn1ccc(COc2ccc3nc([C@@H]4CCCC[C@@H]4C(=O)O)n(Cc4ccc(N5CC(F)(F)C5)cc4)c3c2)n1,7.49
Nc1ncc(-c2ccc(-c3ccccc3S(=O)(=O)Cc3nc(=O)c4ccccc4[nH]3)cc2F)cn1,6.47
CC(C)[C@@H](CO)NS(=O)(=O)c1ccccc1-c1ccc(-c2cnc(N)cn2)c(F)c1,8.7
Nc1ncc(-c2ccc(-c3ccc(C(F)(F)F)cc3O)cc2F)cn1,7.92
CN(C)S(=O)(=O)c1ccccc1-c1ccc(-c2cnc(N)cn2)c(F)c1,7.96
CC(C)(C)S(=O)(=O)c1ccccc1-c1ccc(-c2cnc(N)cn2)c(F)c1,6.13
[C-]#[N+]C1CCN(S(=O)(=O)c2ccccc2-c2ccc(-c3cnc(N)cn3)c(F)c2)CC1,8.7
CCNS(=O)(=O)c1cc(C(F)(F)F)ccc1-c1ccc(-c2cnc(N)nc2)nc1,7.27
Nc1cnc(-c2ccc(-c3cccnc3S(=O)(=O)C3CCCCC3)cc2F)cn1,9.4
CC(C)CNS(=O)(=O)c1ccccc1-c1ccc(-c2cnc(N)cn2)c(F)c1,8.7
N#Cc1ccc(Oc2ccccc2-c2ccc(-c3cnc(N)nc3)c(F)c2)nc1,7.36
C[C@H](CO)NS(=O)(=O)c1ccccc1-c1ccc(-c2cnc(N)cn2)c(F)c1,8.31
Nc1ncc(-c2ccc(-c3cccnc3S(=O)(=O)C3CCS(=O)(=O)CC3)cc2F)cn1,7.39
Nc1ncc(-c2ccc(-c3ccccc3S(=O)(=O)N[C@H]3CCNC3=O)cc2F)cn1,6.77
CCC(CC)(Cc1nc2ccc(OCc3ccn(C)n3)cc2n1Cc1ccc(OC(F)(F)F)cc1C)C(=O)O,6.6
Nc1cnc(-c2ccc(C3CC3)c(Oc3nccc(N)n3)c2F)cn1,7.17
Cc1noc(C)c1-c1cccc(Cn2c(CC3(C(=O)O)CCCC3)nc3cc(OCc4ccc5ccccc5n4)ccc32)c1,7.36
Nc1ncc(-c2ccc(-c3ccccc3Oc3ccnc(N)n3)cn2)cn1,5.95
Nc1cnc(-c2ccc(-c3ccccc3S(=O)(=O)N3CCC(F)(F)CC3)cc2F)cn1,8.7
Cn1ccc(COc2ccc3nc([C@H]4CCCC[C@H]4C(=O)O)n(Cc4ccc(OC(F)(F)F)cc4F)c3c2)n1,8.52
CN([C@@H]1CCCNC1)S(=O)(=O)c1ccccc1-c1ccc(-c2cnc(N)nc2)c(F)c1,6.81
CCN(CC)S(=O)(=O)c1ccccc1-c1ccc(-c2cnc3c(c2)OCCN3)c(F)c1,8.7
CNS(=O)(=O)c1ccccc1-c1ccc(-c2ccc3nc[nH]c3c2)c(F)c1,6.55
CC(C)(C)NS(=O)(=O)c1ccccc1-c1ccc(-c2ccc3n[nH]c(N)c3c2)c(F)c1,5.6
COc1ncc(-c2ccc(Cn3c([C@H]4CCCC[C@H]4C(=O)O)nc4cc(OCc5nc6ccccc6s5)ccc43)cc2)cn1,6.8
COc1c(C2CCC2)ccc(-c2ccc(N)nc2)c1F,6.45
Nc1ncc(-c2ccc(-c3ccccc3S(=O)(=O)C3CCS(=O)(=O)CC3)cc2F)cn1,6.13
Fc1cc(-c2cccnc2OCC2CC2)ccc1-c1cnc2[nH]ccc2n1,7.85
COc1c(C2CCC2)ccc(-c2cnc3nc[nH]c3c2)c1F,6.48
Nc1ncc(-c2ccc(-c3ccccc3S(=O)(=O)NCC3CC3)cc2F)cn1,8.05
Cn1cc(Cl)c(COc2ccc3nc([C@@H]4CCCC[C@@H]4C(=O)O)n(Cc4ccc(N5CCCCC5)cc4)c3c2)n1,8.1
CCC(CC)(Cc1nc2ccc(OCc3ccc(C)cn3)cc2n1Cc1ccc(C#N)cc1)C(=O)O,6.12
CN(C)S(=O)(=O)c1ccccc1-c1ccc(-c2cnc(N)cn2)cc1F,6.12
Nc1cnc(-c2ccc(-c3ccccc3S(=O)(=O)N3CCOC(CO)C3)cc2F)cn1,7.82
CC(C)(CO)NS(=O)(=O)c1ccccc1-c1ccc(-c2cnc(N)cn2)c(F)c1,9.0
CCN(c1ccccc1-c1ccc(-c2cnc(N)cn2)c(F)c1)S(C)(=O)=O,7.72
Nc1cnc(-c2ccc(-c3ccccc3CSc3ccc(N)nn3)cc2F)cn1,8.7
Nc1cnc(-c2ccc(-c3ccccc3S(=O)(=O)C3CCC3)cc2F)cn1,8.0
CC1(C)C(c2nc3cc(OCc4ccc5ccccc5n4)ccc3n2Cc2ccc(-c3ccc(F)c(F)c3)cc2F)[C@@H]1C(=O)O,7.11
Nc1ncc(-c2ccc(-c3ccc(C(F)(F)F)cc3S(=O)(=O)NCCO)cc2F)cn1,8.52
O=CNc1ccc(COc2c(C3CCC3)ccc(-c3cnc4c(c3)OCCN4)c2F)cc1,8.43
CCc1ccc(-c2cnc(N)cn2)c(F)c1Oc1ncccn1,6.54
N#CCOc1ccccc1-c1ccc(-c2cnc(N)nc2)c(F)c1,6.49
Cc1nc(N)cc(Oc2ccccc2-c2ccc(-c3cnc(N)cn3)c(F)c2)n1,8.31
Nc1cnc(-c2ccc(-c3ccccc3S(N)(=O)=O)c(F)c2F)cn1,6.92
CN(C)S(=O)(=O)c1ccccc1-c1ccc(-c2cnc(N)nc2)c(F)c1,6.92
CC(C)(Cc1nc2cc(OCc3ccc4ccccc4n3)ccc2n1Cc1ccc(-n2ccnn2)cc1)C(=O)O,5.6
O=C(O)[C@H]1CCCCC1c1nc2cc(OCc3ccc4ccccc4n3)ccc2n1Cc1ccc(-c2ccc(C(F)(F)F)cc2)cc1F,7.74
N#Cc1cccc(Oc2ccccc2-c2ccc(-c3cnc(N)nc3)c(F)c2)n1,7.84
O=C(O)[C@H]1CCCCC1c1nc2cc(OCc3ccc4ccccc4n3)ccc2n1Cc1ccc(OC(F)(F)F)cc1,8.105
N#Cc1cc(C(F)(F)F)ccc1-c1ccc(-c2cnc(N)cn2)c(F)c1,7.7
N#Cc1cccc(COc2c(C3CCC3)ccc(-c3cnc(N)cn3)c2F)c1,7.01
CC(C)c1ccnc(Oc2c(C3CCC3)ccc(-c3cnc(N)nc3)c2F)n1,8.25
CC(C)(C)OC(=O)N1CCC(COc2c(C3CCC3)ccc(-c3cnc(N)cn3)c2F)CC1,6.12
COc1c(C(C)(C)C)ccc(-c2cnc(N)cn2)c1F,7.4
Fc1c(-c2cnc3[nH]ccc3n2)ccc(C2CCC2)c1OCc1ccccc1,7.03
CC(C)C[C@@H](CO)NS(=O)(=O)c1ccccc1-c1ccc(-c2cnc(N)cn2)c(F)c1,8.3
Nc1cnc(-c2ccc(-c3ccccc3C(=O)N3CC[C@@H](O)C3)cc2F)cn1,5.81
C[C@@H]([C@@H](O)c1ccccc1)N(C)S(=O)(=O)c1ccccc1-c1ccc(-c2ccc(N)nc2)c(F)c1,8.49
CC(C)(C)OC(=O)NCCNS(=O)(=O)c1ccccc1-c1ccc(-c2cnc(N)cn2)c(F)c1,9.0
Nc1cnc(-c2ccc(-c3ccccc3CS(=O)(=O)c3ncccn3)cc2F)cn1,6.87
CS(=O)(=O)Nc1ccccc1-c1ccc(-c2cnc(N)cn2)c(F)c1,6.54
COc1ccc(Cn2c(CC(C)(C)C(=O)O)nc3cc(OCc4ccc5ccccc5n4)ccc32)cc1,6.19
O=C(O)[C@H]1CCCC[C@H]1c1nc2cc(OCc3ccc4ccccc4n3)ccc2n1Cc1ccc(Br)cc1F,8.15
Nc1ncc(-c2ccc(-c3cccnc3S(=O)(=O)C3CCC3)cc2F)cn1,7.53
Nc1ncc(-c2ccc(-c3ccccc3O[C@H]3CCCNC3)cc2F)cn1,5.96
N#Cc1cccc(COc2c(C3CCC3)ccc(-c3cnc(N)cn3)c2F)n1,7.43
Nc1ncc(-c2ccc(C3CCC3)c(Oc3ccnc(N)n3)c2F)cn1,7.93
O=C(O)[C@H]1CCCCC1c1nc2cc(OCc3ccc4ccccc4n3)ccc2n1Cc1ccc(N2CCC(F)(F)C2)cc1F,7.51
CC(C)(CO)NS(=O)(=O)c1ccccc1-c1ccc(-c2cnc(N)nc2)c(F)c1,8.52
Nc1cnc(-c2ccc(C3CCC3)c(OCc3cccc(C(F)(F)F)c3)c2F)cn1,6.8
Nc1ncc(-c2ccc(-c3ccccc3S(=O)(=O)N3CC4(C3)CS(=O)(=O)C4)cc2F)cn1,6.4
Nc1ncc(-c2ccc(-c3cccnc3OC3CCOCC3)cc2F)cn1,6.89
C[C@@H](CO)NS(=O)(=O)c1ccccc1-c1ccc(-c2cnc(N)c(C#N)n2)c(F)c1,8.4
Nc1cnc(-c2ccc(C3CCC3)c(Oc3cc(C(F)(F)F)ncn3)c2F)cn1,6.6
CCSCc1ccccc1-c1ccc(-c2cnc(N)cn2)c(F)c1,7.6
Nc1cnc(-c2ccc(C3CCC3)c(OCc3ccccc3S(F)(F)(F)(F)F)c2F)cn1,6.4
Nc1cnc(-c2ccc(-c3ccc(C(F)(F)F)cc3C(F)(F)F)cc2F)cn1,7.26
Cc1ccc(Cn2c(C3[C@@H](C(=O)O)C3(C)C)nc3c(F)cc(OCc4ccc(C)cn4)cc32)cc1,6.54
COc1c(C2CCC2)ccc(-c2cnc3[nH]ccc3c2)c1F,7.05
Cc1ccc(COc2ccc3nc(C4CCCCC4)n(Cc4cccc(-c5ccc(C(F)(F)F)cc5)c4)c3c2)nc1,8.14
Nc1ncc(-c2ccc(-c3ccccc3S(=O)(=O)c3ncncc3N)cc2F)cn1,5.6
Nc1cnc(-c2ccc(C3CCC3)c(OCC(O)CNc3cncnc3)c2F)cn1,6.82
Nc1ncc(-c2ccc(-c3ccccc3Oc3cc(N4CCC4)ncn3)cc2F)cn1,7.8
CC(C)(Cc1nc2cc(OCc3ccc4ccccc4n3)ccc2n1Cc1ccc(-n2nccn2)cc1)C(=O)O,6.21
CC(C)(Cc1nc2cc(OCc3ccc4ccccc4n3)ccc2n1Cc1cccc(-c2cncs2)c1)C(=O)O,7.77
C[Si](C)(C)CCOCSc1ccccc1-c1ccc(-c2cnc(N)cn2)c(F)c1,7.54
CS(=O)(=O)c1cccc(COc2c(C3CCC3)ccc(-c3cnc4c(c3)OCCN4)c2F)c1,8.07
Nc1cnc(-c2ccc(-c3ccccc3Sc3ncncc3N)cc2F)cn1,9.0
CC(C)(C)C(O)=CS(=O)(=O)c1ccccc1-c1ccc(-c2cnc(N)nc2)c(F)c1,6.0
Nc1cnc(-c2ccc(-c3ccccc3S(=O)(=O)N3CCC(F)(F)C3)cc2F)cn1,8.4
Nc1ccnc(Oc2ccccc2-c2ccc(-c3cnc(N)nc3)nc2)n1,5.6
CN(C)S(=O)(=O)c1ccccc1-c1ccc(-c2cnc(N)cn2)cc1,6.43
C[C@@H](NS(=O)(=O)c1ccccc1-c1ccc(-c2cnc(N)nc2)nc1)C(F)(F)F,6.48
CCC(CC)(Cc1nc2cc(OCc3nc4ccccc4s3)ccc2n1Cc1ccc(Br)cc1)C(=O)O,7.62
Cc1ccccc1Cn1c([C@@H]2CCCC[C@@H]2C(=O)O)nc2cc(OCc3ccc4ccccc4n3)ccc21,8.24
CCNS(=O)(=O)c1ccccc1-c1ccc(-c2cnc(N)nc2)c(F)c1,7.6
CC(C)CCc1ccc(-c2cnc(N)cn2)c(F)c1Oc1ncccn1,6.24
Cc1cnc(COc2ccc3nc([C@@H]4CCCC[C@@H]4C(=O)O)n(Cc4ccc(N5CCC(C)CC5)cc4)c3c2)c(F)c1,8.92
CS(=O)(=O)Nc1ccc(-c2cccc(Cn3c(CC4(C(=O)O)CCCC4)nc4cc(OCc5ccc6ccccc6n5)ccc43)c2)cc1,8.29
CC(C)(C)NS(=O)(=O)c1ccccc1-c1ccc(-c2cnc3[nH]c(=O)[nH]c3n2)c(F)c1,7.89
Nc1cnc(-c2ccc(-c3ccccc3S(=O)(=O)N3CCCC(F)(F)C3)cc2F)cn1,9.0
CC(C)(NS(=O)(=O)c1ccccc1-c1ccc(-c2cnc(N)nc2)c(F)c1)C(F)(F)F,8.3
CNS(=O)(=O)c1ccc(COc2c(C3CCC3)ccc(-c3cnc(N)cn3)c2F)cc1,8.22
CC1(C)[C@@H](C(=O)O)[C@H]1c1nc2cc(OCc3ccc4ccccc4n3)ccc2n1Cc1ccc(Br)cc1F,8.57
COC(=O)c1ccc(Oc2c(C3CCC3)ccc(-c3cnc(N)cn3)c2F)cc1,7.46
Nc1cnc(-c2ccc(-c3ccccc3S(=O)(=O)N[C@@H]3CCCC[C@@H]3O)cc2F)cn1,8.52
N#Cc1nc(N)cnc1-c1ccc(C2CCC2)c(OCc2cccc(C(=O)O)c2)c1F,8.27
Cn1ccc(COc2ccc3nc([C@@H]4CCCC[C@@H]4C(=O)O)n(Cc4ccc(N5CCC(F)(F)CC5)cc4)c3c2)n1,8.01
CC(C)(Cc1nc2cc(OCc3ccc4ccccc4n3)ccc2n1Cc1ccc(-c2cccc(S(N)(=O)=O)c2)cc1)C(=O)O,6.28
O=S(=O)(c1ccccc1-c1ccc(-c2cnc3[nH]ccc3c2)c(F)c1)C1CC1,8.52
O=C(O)C1(Cc2nc3cc(OCc4ccc5ccccc5n4)ccc3n2Cc2ccc(Br)cc2)CCc2ccccc21,7.57
CC(C)(C)[C@@H](CO)NS(=O)(=O)c1ccccc1-c1ccc(-c2cnc(N)cn2)c(F)c1,8.3
Nc1cnc(-c2ccc(-c3ccccc3C(=O)N3CC(O)C3)cc2F)cn1,6.03
Nc1ccc(-c2ccc(-c3ccccc3S(=O)(=O)N3C[C@H]4CC[C@@H]3C4)cc2F)cn1,7.49
CCC(CC)(Cc1nc2ccc(OCc3ccn(C)n3)cc2n1Cc1ccc(OC(F)(F)F)cc1F)C(=O)O,7.34
Nc1cnc(-c2ccc(-c3ccccc3S(=O)(=O)N3CCCC3)cc2F)cn1,7.96
Cc1ccc(COc2ccc3nc(C4CCCC[C@H]4C(=O)O)n(Cc4ccc(N5CCC(F)(F)CC5)cc4F)c3c2)nc1,8.4
CC(C)S(=O)(=O)c1ccccc1-c1ccc(-c2cnc(N)cn2)c(F)c1,7.41
CCS(=O)(=O)N(C)c1ccccc1-c1ccc(-c2cnc3[nH]ccc3n2)c(F)c1,8.15
O=C(O)[C@H]1CCCCC1c1nc2cc(OCc3ccc4ccccc4n3)ccc2n1Cc1ccc(N2CCC(C(F)(F)F)CC2)cc1F,7.54
Nc1cnc(-c2ccc(-c3ccccc3C(=O)N3CCC(O)CC3)cc2F)cn1,6.88
Nc1ncc(-c2ccc(-c3ccccc3Sc3ccncn3)cc2F)cn1,7.92
CC(C)(C)Cc1ccc(-c2cnc(N)cn2)c(F)c1Oc1ncccn1,7.13
Nc1ccc(-c2ccc(-c3ccccc3S(N)(=O)=O)cc2F)cn1,5.91
CC(C)CNc1nccc(Oc2c(C3CCC3)ccc(-c3cnc(N)cn3)c2F)n1,8.89
CSc1ccc(F)cc1-c1ccc(-c2cnc3[nH]ccc3n2)c(F)c1,8.1
Nc1ncc(-c2ccc(-c3ccccc3S(=O)(=O)N[C@H]3CC[C@H](O)CC3)cc2F)cn1,7.74
Nc1cnc(-c2ccc(C3CCC3)c(OCc3cc(Cl)ccc3Cl)c2F)cn1,6.6
CCC(CC)(Cc1nc2cc(OCc3ccc4ccccc4n3)ccc2n1Cc1ccc(Br)cc1)C(=O)O,7.85
Cc1ccc(Cn2c(CC(C)(C)C(=O)O)nc3ccc(OCc4ncc(C)cc4F)cc32)c(F)c1,6.8
CC(C)(C)OC(=O)N1CC(COc2c(C3CCC3)ccc(-c3cnc(N)cn3)c2F)C1,7.01
Nc1ncc(-c2ccc(-c3cccnc3S(=O)(=O)C3CCCC3)cc2F)cn1,8.42
Nc1cnc(-c2ccc(C3CCC3)c(OCC(O)Cn3cncn3)c2F)cn1,6.5
CCS(=O)(=O)Nc1ccccc1-c1ccc(-c2cnc3[nH]ccc3n2)c(F)c1,7.82
Nc1cnc(-c2ccc(-c3ccccc3-c3cncc(N)n3)cc2F)cn1,8.28
COc1c(C2CCC2)ccc(-c2ncc(N)nc2C#N)c1F,6.4
CCNS(=O)(=O)c1cc(C(F)(F)F)ccc1-c1ccc(-c2cnc(N)nc2)c(F)c1,8.7
Nc1cnc(-c2ccc(C3CCC3)c(Oc3nccc(C(F)(F)F)n3)c2F)cn1,8.25
C[C@@H](CO)NS(=O)(=O)c1ccccc1-c1ccc(-c2cnc(N)nc2)c(F)c1,6.85
Cn1ccc(COc2ccc3nc([C@@H]4[C@H](C(=O)O)C4(C)C)n(Cc4ccc(OC(F)(F)F)cc4)c3c2)n1,6.08
CS(=O)(=O)Nc1ccc(-c2ccc(Cn3c(C4CCCC[C@@H]4C(=O)O)nc4cc(OCc5ccc6ccccc6n5)ccc43)cc2)cc1,7.47
CC(C)Oc1ncccc1-c1ccc(-c2cnc(N)cn2)c(F)c1,6.8
C[C@H](CO)NS(=O)(=O)c1ccccc1-c1ccc(-c2ncc(N)nc2C#N)c(F)c1,7.86
Cc1ccc(-c2cccc(Cn3c(CC4(C(=O)O)CCCC4)nc4cc(OCc5ccc6ccccc6n5)ccc43)c2)cc1,7.89
Nc1cnc(-c2ccc(C3CCC3)c(Oc3ncccn3)c2F)cn1,7.98
Cc1ccc(COc2ccc3nc(C4CCCC[C@@H]4C(=O)O)n(Cc4ccc(Br)cc4F)c3c2)nc1,8.02
CC(C)CNCC(O)COc1c(C2CCC2)ccc(-c2cnc(N)cn2)c1F,6.07
COc1ncc(-c2ccc(Cn3c([C@H]4[C@@H](C(=O)O)C4(C)C)nc4cc(OCc5ccc6ccccc6n5)ccc43)cc2)cn1,6.43
Nc1cnc(-c2ccc(-c3ccc(C(F)(F)F)cc3CNCCO)cc2F)cn1,6.86
CC(C)(C)NS(=O)(=O)c1ccccc1-c1cnc(-c2cnc(N)nc2)c(F)c1,9.15
Nc1cnc(-c2ccc(-c3ccccc3S(=O)(=O)c3cc(N)ncn3)cc2F)cn1,6.04
Cn1cc(Cl)c(COc2ccc3nc([C@@H]4CCCC[C@@H]4C(=O)O)n(Cc4ccc(OC(F)(F)F)cc4F)c3c2)n1,8.38
NS(=O)(=O)c1ccccc1-c1ccc(-c2cnc3c(c2)OCCN3)c(F)c1,8.1
CCNS(=O)(=O)c1cc(C(F)(F)F)ccc1-c1ccc(-c2ncc(N)nc2C#N)c(F)c1,8.77
