CCc1onc(Cc2c(Cl)cccc2Cl)c1COc1ccc(/C=C/c2cccc(C(=O)O)c2)c(Cl)c1,-1.7781512503836436
C[C@H](CCNC(=O)OCc1ccc(C(=O)O)cc1)C1CC[C@H]2[C@H]3[C@H](CC[C@]12C)[C@@]1(C)CC[C@@H](O)CC1C[C@H]3O,-3.851869600729766
CC(C)(C)c1onc(-c2c(Cl)cccc2Cl)c1COc1ccc(/C=C/c2cccc(C(=O)O)c2)c(Cl)c1,-3.113943352306837
CC(C)(O)[C@@H]1O[C@](C)(C2=C3C[C@H](O)[C@H]4[C@@]5(C)CCC(=O)C(C)(C)[C@@H]5CC[C@]4(C)[C@@]3(C)CC2=O)C[C@@H]1O,-4.074084689028243
CC(C)(C)c1ccc(C(=O)NCc2ccc(NC(=O)C(F)(F)F)cc2)cc1,-2.4149733479708178
CCC(C)c1ccc2c(c1)-c1c(c(C(=O)N(CCNC(C)=O)Cc3ccccc3)nn1C)CO2,-1.3979400086720375
CC(C)OC(=O)C1=CN(C(=O)c2cccc(OCCN3CCOCC3)c2)CC(C)(C)c2c1[nH]c1ccccc21,-2.931966114728173
COc1ccc(CNc2c(-c3cccs3)nc3ccc(C)cn23)cc1,-2.230448921378274
O=C(O)c1cccc(NC(=O)c2ccccc2NC(=O)c2ccc(Br)cc2)c1,-3.568201724066995
Cc1ccc2nc(-c3ccc(Cl)cc3)c(NCc3ccccc3)n2c1,-2.380211241711606
O=C(O)c1ccc(CNC(=O)c2ccccc2NC(=O)c2ccc3ccccc3c2)cc1,-3.113943352306837
CC(C)(C)c1ccc(C(=O)NCc2cccc(C(=O)O)c2)cc1,-3.230448921378274
C[C@H](C[C@H](O)[C@@H](O)C(C)(C)O)C1=C2C=C[C@H]3[C@@]4(C)CCC(=O)C(C)(C)[C@@H]4CC[C@]3(C)[C@@]2(C)CC1=O,-3.778151250383644
O=C1NN(c2ccccc2)C(=O)/C1=C/c1cccc(OCc2ccc(C(F)(F)F)cc2)c1,-3.3096301674258988
O=S(=O)(Nc1ccc(C(O)(C(F)(F)F)C(F)(F)F)cc1)c1cccc2ccccc12,-4.079181246047625
CC[C@@H]1[C@@H]2C[C@H](O)CC[C@]2(C)[C@H]2CC[C@@]3(C)[C@@H](CC[C@@H]3[C@H](C)CCNC(=O)OCc3ccccc3)[C@@H]2[C@@H]1O,-2.4771212547196626
COC(=O)/C=C/c1cccc(N(Cc2ccc(-c3ccc(SC)cc3)cc2)C(=O)C(C)C)c1,-1.7075701760979365
COC(=O)/C=C/c1cccc(N(C(=O)C2CCCCC2)c2ccc3ccccc3c2)c1,-2.832508912706236
CCOC(C)(C)[C@H](O)[C@@H](O)C[C@@H](C)C1=C2C[C@H](O)[C@H]3[C@@]4(C)CCC(=O)C(C)(C)[C@@H]4CC[C@]3(C)[C@@]2(C)CC1,-2.9731278535996988
COC(=O)/C=C/c1cccc(N(Cc2ccc(-c3ccc(N(C)C)cc3)cc2)C(=O)NC(C)C)c1,-2.2095150145426308
CCc1onc(-c2ccccc2OC(F)(F)F)c1COc1ccc(/C=C/c2cccc(C(=O)O)c2)c(Cl)c1,-1.6812412373755872
CN(Cc1ccc(N2CCCCC2)cc1)C(=O)c1n[nH]c(=O)c2ccccc12,-4.158362492095249
CC(C)(C)c1ccc(C(=O)NCc2ccc(C(=O)O)cc2Cl)cc1,-3.8750612633917
C[C@H](C[C@H](O)[C@H]1OC1(C)C)C1=C2C[C@H](O)[C@H]3[C@@]4(C)CCC(=O)C(C)(C)[C@@H]4CC[C@]3(C)[C@@]2(C)CC1,-3.9444826721501687
O=C(O)c1ccc2nc(N3C4CCC3CC(OCc3c(-c5ccccc5OC(F)(F)F)noc3C3CC3)C4)sc2c1,0.2111248842245832
CC[C@@H]1[C@@H]2C[C@H](O)CC[C@]2(C)[C@H]2CC[C@@]3(C)[C@@H](CC[C@@H]3[C@H](C)CCC3NC(=O)NC3=O)[C@@H]2[C@@H]1O,-3.431363764158988
COC(=O)/C=C/c1cccc(N(Cc2cc(OC)cc(OC)c2)C(=O)C2CCCCC2)c1,-2.7812382205377566
CCC1SC(c2ccc(Oc3ccccc3)cc2)c2c(C)nn(-c3ccccc3C)c2NC1=O,-3.4771212547196626
CC(C)(C)c1ccc(C(=O)NCc2ccc(S(N)(=O)=O)cc2F)cc1,-2.9867717342662448
COC(=O)/C=C/c1cccc(N(Cc2ccc(-c3ccc(C)s3)cc2)C(=O)C2CCCCC2)c1,-2.3138672203691533
COC(=O)/C=C/c1cccc(N(Cc2ccc(/C=C/c3c(Cl)cccc3Cl)cc2)C(=O)C(C)C)c1,-2.290034611362518
CCCCN(C(=O)c1ccc(OCc2c(-c3c(Cl)cccc3Cl)noc2C(C)C)cc1Cl)c1cccc(C(=O)O)c1,-3.041392685158225
O=C(O)c1cccc(NC(=O)c2ccccc2NC(=O)c2ccc3c(c2)OCO3)c1,-4.0
CC(C)c1onc(-c2c(Cl)cccc2Cl)c1COc1ccc(C#N)cc1,-2.908485018878649
C[C@H](C[C@H](O)[C@@H](O)C(C)(C)O)C1=C2[C@@H](O)[C@H](O)[C@H]3[C@@]4(C)CCC(=O)C(C)(C)[C@@H]4C[C@@H](O)[C@]3(C)[C@@]2(C)CC1,-4.7442147248141655
CC(C)OC(=O)C1=CN(C(=O)c2ccc(OCCN3CCCCC3)cc2)CC(C)(C)c2c1[nH]c1ccccc21,-3.0277572046905536
C[C@H](C[C@H](O)[C@@H](O)C(C)(C)O)C1=C2C[C@H](O)[C@H]3[C@@]4(C)CCC(=O)C(C)(C)[C@@H]4CC[C@]3(C)[C@@]2(C)C=C1,-4.812177774158754
Cc1cccc(COc2cccc(/C=C3\C(=O)NN(c4ccccc4)C3=O)c2)c1,-3.711807229041191
Cn1nc(C(=O)N(CC(=O)Nc2cc(C(=O)O)ccc2F)Cc2cccc(F)c2)c2c1-c1cc(F)ccc1OC2,-0.8129133566428556
FC(F)(F)c1ccc2nc(-c3cccs3)c(NCc3ccccc3)n2c1,-2.6627578316815743
CC(C)OC(=O)C1CN(C(=O)c2ccc(C#N)cc2)CC(C)(C)c2cc(C#N)[nH]c21,-3.755874855672491
Cc1cc(OCc2c(-c3c(Cl)cccc3Cl)noc2C)cc(C)c1/C=C/c1cccc(C(=O)O)c1,-1.845098040014257
C=C(C)[C@@H]1OC(C)(C)O[C@H]1C[C@@H](C)C1=C2C[C@H](O)[C@H]3[C@@]4(C)CCC(=O)C(C)(C)[C@@H]4CC[C@]3(C)[C@@]2(C)CC1,-3.9444826721501687
C[C@H](CCC(=O)O)[C@H]1CC[C@H]2[C@@H]3CC[C@@H]4C[C@H](O[C@@H]5O[C@H](CO)[C@@H](O)[C@H](O)[C@H]5O)CC[C@]4(C)[C@H]3C[C@H](O)[C@@]21C,-4.880813592280791
CC(=O)NCCN(Cc1ccc(F)cc1)C(=O)c1nn(C)c2c1COc1ccc(Br)cc1-2,-2.720159303405957
CC(C)c1onc(-c2ccccc2)c1COc1ccc(CCCC(=O)O)cc1,-4.491361693834273
CC(C)c1onc(-c2c(Cl)cccc2Cl)c1COc1ccc(COc2ccc(CO)cc2)cc1,-2.869231719730976
COC(=O)/C=C/c1cccc(N(Cc2ccc(/C=C/C(=O)O)cc2)C(=O)C2CCCCC2)c1,-3.0
CC(C)OC(=O)C1=CN(C(=O)c2cccc(OCCN3CCN(C)CC3)c2)CC(C)(C)c2c1[nH]c1ccccc21,-3.4578818967339924
O=C(Nc1ccc(-c2nnn[nH]2)cc1F)[C@H](C1CCCCC1)n1c(-c2ccc(Cl)cc2)nc2cc(F)c(F)cc21,-2.4771212547196626
O=C(O)c1ccc(NC(=O)[C@H](C2CCCCC2)n2c(-c3ccc(Cl)cc3)nc3cc(F)c(F)cc32)c(Cl)c1,-2.4771212547196626
CC(C)c1onc(-c2c(Cl)cccc2Cl)c1COc1ccc(COc2cccc(CO)c2)cc1,-2.8260748027008264
O=C(O)c1ccccc1-c1ccccc1C(=O)N1CCN(Cc2ccc3c(c2)OCO3)CC1,-3.777426822389311
CC(C)(C)c1ccc(C(=O)NCc2ccc(C(=O)O)cc2)cc1,-2.568201724066995
CC(C)OC(=O)C1CN(C(=O)c2cccc(F)c2)CC(C)(C)c2cc(C#N)[nH]c21,-3.113943352306837
Cc1cc(OCc2c(-c3c(Cl)cncc3Cl)noc2C(C)C)ccc1-c1ccc2c(c1)c(C(=O)O)cn2C,-1.9731278535996983
Cc1cc(OCc2c(-c3ccn(C)c(=O)c3Cl)noc2C(C)C)ccc1-c1ccc2c(C(=O)O)cn(C)c2c1,-3.845098040014257
COC(=O)/C=C/c1cccc(N(Cc2ccc3c(c2OC)OC(C)(C)C2C3C2(Cl)Cl)C(=O)c2ccccc2)c1,-2.52244423350632
COC(=O)/C=C/c1cccc(N(Cc2ccc(/C=C/c3ccc(F)cc3)cc2)C(=O)C2CCCCC2)c1,-2.2685896714688383
CC(C)(C)c1ccc(C(=O)Nc2ccccc2C(=O)Nc2cc(C(=O)O)ccc2Cl)cc1,-3.041392685158225
COC/C=C/c1cccc(N(Cc2ccc(/C=C/C(=O)OC(C)(C)C)cc2)C(=O)C2CCCCC2)c1,-2.385606273598312
CC(C)OC(=O)C1=CN(C(=O)c2cccc(CN3CCN(C)CC3)c2)CC(C)(C)c2c1[nH]c1ccccc21,-2.5658478186735176
C#CC[C@@H]1C2C[C@H](O)CC[C@]2(C)[C@H]2CC[C@]3(C)C([C@H](C)CCC(=O)O)CC[C@H]3[C@@H]2[C@@H]1O,-2.7323937598229686
COC(=O)c1cccc(OCc2ccc(OCc3c(-c4c(Cl)cccc4Cl)noc3C(C)C)cc2)c1,-3.060697840353612
O=C(O)c1cccc(NC(=O)c2ccc(Cl)cc2NC(=O)c2ccc(C(F)(F)F)cc2)c1,-3.322219294733919
COC(=O)/C=C/c1cccc(N(Cc2ccc(/C=C/c3cccc(Cl)c3)cc2)C(=O)C(C)C)c1,-2.212427332726591
CCOC(C)(C)[C@H](O)[C@@H](O)C[C@@H](C)C1=C2C=C[C@H]3[C@@]4(C)CCC(=O)C(C)(C)[C@@H]4CC[C@]3(C)[C@@]2(C)CC1=O,-4.167317334748176
CCCN(C(=O)c1ccc(OCc2c(-c3c(Cl)cccc3Cl)noc2C(C)C)cc1Cl)c1cccc(C(=O)O)c1,-3.322219294733919
Cc1ccc2nc(-c3ccc4c(c3)OCCO4)c(NCc3ccccc3)n2c1,-2.230448921378274
Cc1ccc2nc(-c3ccc(Cl)cn3)c(NCc3ccccc3)n2c1,-0.8692317197309762
COC(=O)/C=C/c1cccc(N(Cc2ccc(/C=C/c3cccc(F)c3)cc2)C(=O)C2CCCCC2)c1,-1.934498451243568
C[C@H](CCC(=O)NCC(=O)O)[C@H]1CC[C@H]2[C@H]3[C@H](CC[C@@]21C)[C@@]1(C)CC[C@@H](O)C[C@H]1C[C@H]3O,-3.4771212547196626
Cc1cccc(C)c1-c1noc(C(C)C)c1COc1ccc(CCCC(=O)O)cc1,-3.886490725172482
CC(C)OC(=O)C1=CN(C(=O)c2cccc(OCCCN(C)C)c2)CC(C)(C)c2c1[nH]c1ccccc21,-2.7902851640332416
CC(C)(C)c1ccc(C(=O)NCc2ccc(OCC(=O)O)cc2)cc1,-2.863322860120456
CC(C)c1onc(-c2ccccc2)c1COc1ccc(Oc2ccc(C(=O)O)cc2)cc1,-4.041392685158225
Cc1ccc2nc(-c3ccco3)c(NCc3ccccc3)n2c1,-2.7481880270062
CC(C)(C)c1ccc(C(=O)Nc2ccccc2C(=O)Nc2cccc(C(N)=O)c2)cc1,-1.8573324964312683
C[C@H](CCCS(=O)(=O)O)C1CC[C@H]2[C@H]3[C@H](CC[C@]12C)[C@@]1(C)CC[C@@H](O)CC1C[C@H]3O,-3.6580113966571126
CC[C@@H]1[C@@H]2CC3(CC3)CC[C@]2(C)[C@H]2CC[C@@]3(C)[C@@H](CC[C@@H]3[C@H](C)CCC(=O)O)[C@@H]2[C@@H]1O,-2.845098040014257
CC(C)c1onc(-c2c(Cl)cccc2Cl)c1COc1ccc(C(=O)N(Cc2ccccc2)c2cccc(C(=O)O)c2)c(Cl)c1,-3.397940008672037
COC(=O)/C=C/c1cccc(N(Cc2ccc(/C=C/c3ccccc3F)cc2)C(=O)C(C)C)c1,-1.847541813268176
CC(C)OC(=O)C1CN(C(=O)c2cccc(Cl)c2)CC(C)(C)c2cc(C#N)[nH]c21,-3.113943352306837
CCN(c1ccc(C(O)(C(F)(F)F)C(F)(F)F)cc1)S(=O)(=O)c1ccccc1,-3.9542425094393248
C[C@H](C[C@H](O)[C@@H](O)C(C)(C)O)C1=C2CC[C@@H]3[C@](C)(CC[C@H]4C(C)(C)C(=O)CC[C@]34C)[C@@]2(C)CC1,-3.526339277389844
C[C@@H](C1CC[C@H]2[C@H]3[C@H](CC[C@]12C)[C@@]1(C)CC[C@@H](O)CC1C[C@H]3O)[C@H](O)CC(=O)O,-4.520876381688342
COc1ccccc1-n1nc(C)c2c1NC(=O)[C@H](C)S[C@@H]2c1ccc(Oc2ccccc2)cc1,-3.5185139398778875
O=C(Nc1ccc2c(c1)N(S(=O)(=O)c1ccc(F)cc1)CCC2)c1c(F)cccc1F,-3.880813592280792
O=C1NN(C(=O)c2ccccc2)C(=O)/C1=C/c1ccc(OCc2ccccc2)cc1,-3.599883072073688
CC(C)c1onc(-c2c(Cl)cccc2Cl)c1COc1ccc(-c2nc3ccc(C(=O)O)cc3n2-c2ccc(F)cc2)cc1,-1.3738311450738303
O=C(O)Cc1ccc(NC(=O)c2ccccc2NC(=O)c2ccc3ccccc3c2)cc1,-3.4913616938342726
C[C@@H]1C[C@@H]2O[C@@]3(C[C@@]4(C)C(=C13)C=C[C@H]1[C@@]3(C)CCC(=O)C(C)(C)[C@@H]3CC[C@@]14C)O[C@H]2C(C)(C)O,-3.523746466811565
CC(C)c1onc(-c2c(Cl)cccc2Cl)c1COc1ccc(-c2nc3ccc(C(=O)O)cc3n2CC2CCCCC2)c(F)c1,-0.8920946026904804
Cc1ccccc1-n1nc(C)c2c1NC(=O)[C@H](C)S[C@@H]2c1ccc(-c2ccccc2)cc1,-2.9956351945975497
C[C@H](C[C@@H]1OC(C)(C)O[C@H]1C(C)(C)O)C1=C2C[C@H](O)[C@H]3[C@@]4(C)CCC(=O)C(C)(C)[C@@H]4C[C@@H](O)[C@]3(C)[C@@]2(C)CC1,-3.361727836017593
CC(C)c1onc(-c2c(Cl)cccc2Cl)c1COc1ccc(COc2cccc(C#N)c2)cc1,-3.7323937598229686
Brc1ccc2nc(-c3cccs3)c(NCc3ccccc3)n2c1,-2.6989700043360187
CC(C)c1onc(-c2c(Cl)cccc2Cl)c1CCc1nc2cccc(Nc3cccc(C(=O)O)c3)c2o1,-3.230448921378274
COC(=O)/C=C/c1cccc(N(Cc2ccc(-c3cccc(C)c3)cc2)C(=O)C(C)C)c1,-2.2121876044039577
CCc1ccc(C(=O)Nc2ccccc2C(=O)NCCCC(=O)O)cc1,-3.763427993562938
CCOc1cccc(-c2ccc(CN(C(=O)C(C)C)c3cccc(/C=C/C(=O)OC)c3)cc2)c1,-2.2380461031287955
COC(=O)/C=C/c1cccc(N(Cc2ccc(-c3cccc(OC)c3)cc2)C(=O)C(C)C)c1,-1.858657484090808
CC(C)Cn1c(-c2ccc(OCc3c(-c4c(Cl)cccc4Cl)noc3C(C)C)cc2)nc2ccc(C(=O)O)cc21,-1.1755118133634477
Cc1ccc2nc(/C=C/c3ccccc3)c(NCc3ccccc3)n2c1,-3.0644579892269186
C[C@H](CCNC(=O)OC1CCCCC1)C1CC[C@H]2[C@H]3[C@H](CC[C@]12C)[C@@]1(C)CC[C@@H](O)CC1C[C@H]3O,-3.0569048513364727
Cc1ccc2nc(-c3cnccn3)c(NCc3ccccc3)n2c1,-3.0791812460476247
CC(C)OC(=O)C1=CN(C(=O)c2ccc(OCCCN3CCOCC3)cc2)CC(C)(C)c2c1[nH]c1ccccc21,-2.004321373782642
CC(C)c1onc(-c2c(Cl)cccc2Cl)c1COc1ccc(CNc2ccc(CC(=O)O)cc2)c(Cl)c1,-2.9731278535996988
CO[C@H]1C[C@@]2(C)C(=C1[C@H](C)C[C@H](O)[C@@H](OC(C)=O)C(C)(C)O)[C@H](O)C[C@@H]1[C@]2(C)CC[C@H]2C(C)(C)C(=O)CC[C@]12C,-4.215637563435061
C=C(C)[C@H](O)[C@@H]1C[C@@H](C)C2=C3C[C@H](O)[C@H]4[C@@]5(C)CCC(=O)C(C)(C)[C@@H]5CC[C@]4(C)[C@@]3(C)C[C@@H]2O1,-4.123851640967086
O=C(O)CCc1ccc(NC(=O)C(C2CCCCC2)n2c(-c3ccc(Cl)cc3)nc3cc(F)c(F)cc32)cc1,-3.3010299956639813
CC(C)c1onc(-c2c(Cl)cccc2Cl)c1COc1ccc(CCCC(=O)O)cc1,-3.778151250383644
Cc1ccc2nc(-c3ccc(F)cc3)c(NCc3ccccc3)n2c1,-2.230448921378274
CCc1onc(-c2c(F)cccc2C(F)(F)F)c1COc1ccc(/C=C/c2cccc(C(=O)O)c2)c(Cl)c1,-1.7323937598229686
COc1cccc(-c2nc3ccc(C)cn3c2NCc2ccccc2)c1,-2.397940008672037
Clc1ccc2nc(-c3cccs3)c(NCc3ccccc3)n2c1,-2.204119982655925
C[C@H](CC(=O)[C@H](O)C(C)(C)O)C1=C2C=C[C@H]3[C@@]4(C)CCC(=O)C(C)(C)[C@@H]4CC[C@]3(C)[C@@]2(C)CC1=O,-4.189490313699367
COc1ccc(-c2nc3cc(F)c(F)cc3n2[C@H](C(=O)N[C@H]2CC[C@H](C(=O)O)CC2)C2CCCCC2)c(OC)n1,-3.230448921378274
CCc1ccn2c(NCc3ccccc3)c(-c3cccs3)nc2c1,-3.0791812460476247
CC(=O)NCCN(Cc1ccccc1)C(=O)c1nn(C)c2c1COc1ccc(Br)cc1-2,-1.6434526764861874
CCOC/C=C/c1cccc(N(Cc2ccc(/C=C/C(=O)OC(C)(C)C)cc2)C(=O)C2CCCCC2)c1,-2.342422680822206
CCOc1cccc(-c2ccc([C@H]3S[C@@H](C)C(=O)Nc4c3c(C)nn4-c3ccccc3C)cc2)c1,-3.544068044350276
c1ccc(CNc2c(-c3cccs3)nc3ccccn23)cc1,-3.6020599913279625
Cc1ccc2nc(CCc3ccccc3)c(NCc3ccccc3)n2c1,-2.4913616938342726
CC[C@@H]1[C@@H]2C[C@H](O)CC[C@]2(C)[C@H]2CC[C@@]3(C)[C@@H](CC[C@@H]3[C@H](C)CCC(=O)NS(C)(=O)=O)[C@@H]2[C@@H]1O,-1.6989700043360187
Cc1ccccc1-c1noc(-c2cccc(C(=O)O)c2)n1,-0.8573324964312685
COC(=O)/C=C/c1cccc(N(Cc2ccc(-c3ccccc3OC)cc2)C(=O)C(C)C)c1,-2.576341350205793
COc1ccccc1-c1noc(C(C)C)c1COc1ccc(/C=C/c2cccc(C(=O)O)c2)c(Cl)c1,-4.0
CCOC(=O)C1=CN(C(=O)c2ccc(F)cc2)CCc2c1[nH]c1ccccc21,-2.7781512503836434
CC[C@@H]1[C@@H]2C[C@H](O)CC[C@]2(C)[C@H]2CC[C@@]3(C)[C@@H](CC[C@@H]3[C@H](C)CCNC(N)=O)[C@@H]2[C@@H]1O,-2.361727836017593
C=C(C)[C@H](O)[C@@H](O)C[C@@H](C)C1=C2C[C@H](O)[C@H]3[C@@]4(C)CCC(=O)C(C)(C)[C@@H]4CC[C@]3(C)[C@@]2(C)CC1,-4.381836799998343
CC(C)OC(=O)C1CN(C(=O)C2CCOCC2)CC(C)(C)c2cc(C#N)[nH]c21,-3.5185139398778875
COc1ccc(C(=O)NCc2ccc(C(=O)O)cc2)cc1OC,-2.568201724066995
Cc1cc(C(=O)O)cc2sc(N3C4CCC3CC(OCc3c(-c5ccccc5OC(F)(F)F)noc3C3CC3)C4)nc12,0.1837587000082169
CC(C)c1onc(-c2ccccc2C(F)(F)F)c1COc1ccc(CCCC(=O)O)cc1,-3.643452676486187
COC(=O)c1cccc(OCc2c(-c3c(Cl)cccc3Cl)noc2C(C)C)c1,-3.3138672203691533
CC(=O)O[C@H]([C@@H](O)C[C@@H](C)C1=C2CC[C@@H]3[C@](C)(CC[C@H]4C(C)(C)C(=O)CC[C@]34C)[C@@]2(C)CC1)C(C)(C)O,-3.983175072037813
Cc1cccc(COc2cccc(/C=C3\C(=O)NN(c4ccccc4[N+](=O)[O-])C3=O)c2)c1,-3.729974285699555
COc1ccc(NC(=O)c2ccccc2NC(=O)c2ccc(C(C)(C)C)cc2)cc1OC,-1.8512583487190752
C[C@H](CCN)C1CC[C@H]2[C@H]3[C@H](CC[C@]12C)[C@@]1(C)CC[C@@H](O)CC1C[C@H]3O,-3.9858753573083936
CC(C)OC(=O)C1=CN(C(=O)C2CCCCC2)CC(C)(C)c2cc(C#N)[nH]c21,-0.8129133566428556
O=C(O)c1cnc(N2CC(O)(c3ccc(OCc4c(-c5c(Cl)cccc5Cl)noc4C4CC4)cc3Cl)C2)c(F)c1,-0.667452952889954
CC(C)c1onc(-c2c(Cl)cccc2Cl)c1COc1ccc(-c2cccc(C(=O)O)c2)cc1,-3.146128035678238
COC(=O)/C=C/c1cccc(N(Cc2ccc(/C=C/c3cc(C(F)(F)F)cc(C(F)(F)F)c3)cc2)C(=O)C(C)C)c1,-3.290034611362518
C[C@H](C[C@H](O)[C@@H](O)C(C)(C)O)C1=C2C[C@H](O)[C@H]3[C@@]4(C)CCC(=O)C(C)(C)[C@@H]4CC[C@]3(C)[C@@]2(C)CC1=O,-4.47246389660699
CC[C@@H]1[C@@H]2CCCC[C@]2(C)[C@H]2CC[C@@]3(C)[C@@H](CC[C@@H]3[C@H](C)CCC(=O)O)[C@@H]2[C@@H]1O,-2.6020599913279625
Cc1ccc2nc(-c3cccs3)c(NCCc3ccccc3)n2c1,-3.0
Cc1ccc(NC(=O)c2ccccc2NC(=O)c2ccc(C(C)(C)C)cc2)cc1C(=O)O,-1.6532125137753435
O=C(O)c1ccc(NC(=O)C(C2CCCCC2)n2c(-c3ccc(Cl)cc3)nc3cc(F)c(F)cc32)nc1,-4.02530586526477
CC(C)(C)c1ccc(C(=O)NCc2ccc(C=O)cc2)cc1,-3.724275869600789
Cc1ccccc1-n1nc(C)c2c1NC(=O)[C@H](C)S[C@@H]2c1ccc(-c2cc3ccccc3o2)cc1,-3.1760912590556813
Cc1cc(OCc2c(-c3c(Cl)cn(C)c(=O)c3Cl)noc2C(C)C)ccc1-c1ccc2c(C(=O)O)cn(C)c2c1,-4.079181246047625
CCCOC(=O)C1=CN(C(=O)c2ccc(F)cc2)CCc2c1[nH]c1ccccc21,-2.6989700043360187
CC(C)(C)c1ccc(C(=O)NCc2ccc(CC(=O)O)cc2)cc1,-3.806179973983887
CC(C)(C)c1onc(-c2c(Cl)cccc2Cl)c1COc1ccc(C(=O)Nc2cccc(C(=O)O)c2)c(Cl)c1,-3.113943352306837
COC(=O)CCCNC(=O)c1ccccc1NC(=O)c1ccc2ccccc2c1,-3.851258348719075
CC(C)OC(=O)C1=CN(C(=O)c2ccc(C#N)cc2)CC(C)(C)c2cc(C#N)[nH]c21,-1.5440680443502757
COC(=O)/C=C/c1cccc(N(Cc2ccc(-c3ccc4c(c3)OCO4)cc2)C(=O)C(C)C)c1,-1.2793246654426105
O=C(Nc1ccc2c(c1)N(S(=O)(=O)c1ccc(F)cc1)CC2)c1c(F)cccc1F,-3.6232492903979
O=C(NC1CCCCC1)[C@H](C1CCCCC1)n1c(-c2ccc(Cl)cc2)nc2cc(F)c(F)cc21,-1.6989700043360187
COc1ccccc1-c1ccc([C@H]2S[C@@H](C)C(=O)Nc3c2c(C)nn3-c2ccccc2C)cc1,-3.041392685158225
C[C@H](CCC(=O)O)[C@H]1CC[C@H]2[C@H]3[C@H](CC[C@@]21C)[C@@]1(C)CCCC[C@H]1C[C@H]3O,-3.113943352306837
CC(C)(C)c1ccc(C(=O)Nc2ccccc2C(=O)Nc2ccc(Cl)c(C(=O)O)c2)cc1,-2.447158031342219
CC(C)c1onc(-c2c(Cl)cccc2Cl)c1COc1ccc(C(=O)N(c2cccc(C(=O)O)c2)c2cccc3ccccc23)c(Cl)c1,-3.4771212547196626
Cc1ccc(C(=O)Nc2ccc(C)c(C(=O)O)c2)c(NC(=O)c2ccc(C(C)(C)C)cc2)c1,-1.6334684555795866
CC(C)c1onc(-c2c(Cl)cccc2Cl)c1COc1ccc(-c2nc3ccc(C(=O)O)cc3n2CC2CC2)cc1,-1.3847117429382825
CC(C)OC(=O)C1=CN(C(=O)c2cccc(CN3CCCC3)c2)CC(C)(C)c2c1[nH]c1ccccc21,-2.531478917042255
COc1ccc(-c2nc(-c3cccc(C(F)(F)F)c3)no2)cc1,-3.462397997898956
CC1=CC(=O)C[C@]2(C)[C@@H]3[C@@H](O)CC4=C([C@H](C)C[C@H](O)[C@@H](O)C(C)(C)O)CC[C@]4(C)[C@@]3(C)CC[C@@H]12,-3.751279103983342
O=C(O)c1ccc(NC(=O)c2ccccc2NC(=O)c2ccc3ccccc3c2)cc1,-3.0
COC(=O)/C=C/c1cccc(N(Cc2ccc(-c3cccc(Cl)c3)cc2)C(=O)NC(C)C)c1,-3.148068712044147
CC(C)OC(=O)C1CN(C(=O)C2CCCCC2)CC(C)(C)c2cc(C#N)[nH]c21,-3.278753600952829
Cc1ccc2nc(-c3ccc(F)c(Cl)c3)c(NCc3ccccc3)n2c1,-1.414973347970818
O=C(O)c1cncc(C2CC2c2ccc(OCc3c(-c4c(Cl)cccc4Cl)noc3C3CC3)cc2Cl)c1,-1.0791812460476249
CNC(=O)O[C@@H](CC(C)C)c1nc([C@H]2OC(=O)/C(C)=C/C/C(C)=C/[C@@H](O)[C@@H](C)/C=C(C)\C=C(C)/C=C/[C@@H](O)[C@H](C)[C@H](OC)/C(C)=C/C=C/[C@@H]2C)cs1,-2.3010299956639813
O=C(O)Cc1cccc(NC(=O)c2ccccc2NC(=O)c2ccc3ccccc3c2)c1,-3.397940008672037
Cc1cc(OCc2c(-c3c(Cl)cccc3Cl)noc2C(C)C)ccc1/C=C/c1cccc(C(=O)O)c1,-1.6720978579357175
CCOc1cccc(-c2ccc(CN(C(=O)C3CCCCC3)c3cccc(/C=C/C(=O)OC)c3)cc2)c1,-2.167317334748176
C[C@@H]1CC(=O)[C@@H](C(C)(C)O)O[C@H]2C[C@@]3(C)C(=C21)C=C[C@H]1[C@@]2(C)CCC(=O)C(C)(C)[C@@H]2CC[C@@]13C,-4.017033339298781
Cc1ccc2nc(-c3ccc(-c4ccccc4)cc3)c(NCc3ccccc3)n2c1,-1.9084850188786493
Cc1ccc2nc(-c3ccc(Br)cc3)c(NCc3ccccc3)n2c1,-2.633468455579586
CO[C@@H]1C2C[C@H](O)CC[C@]2(C)[C@H]2CC[C@]3(C)C([C@H](C)CCC(=O)O)CC[C@H]3[C@@H]2[C@@H]1O,-4.168202746842631
COC(=O)/C=C/c1cccc(N(Cc2ccc(-c3ccc(OC)cc3)cc2)C(=O)C(C)C)c1,-1.9867717342662448
CC(=O)N1CCC(n2c(-c3ccc(OCc4c(-c5c(Cl)cccc5Cl)noc4C(C)C)cc3)nc3ccc(C(=O)O)cc32)CC1,-3.1559430179718366
C[C@H](C[C@H](O)C(=O)C(C)(C)O)C1=C2[C@@H](O)[C@H](O)[C@H]3[C@@]4(C)CCC(=O)C(C)(C)[C@@H]4C[C@@H](O)[C@]3(C)[C@@]2(C)CC1,-4.008174184006426
CCC[C@@H]1C2C[C@H](O)CC[C@]2(C)[C@H]2CC[C@]3(C)C([C@H](C)CCC(=O)O)CC[C@H]3[C@@H]2[C@@H]1O,-3.0453229787866576
C[Si](C)(O)c1ccc(N(CC(F)(F)F)S(=O)(=O)c2ccccc2)cc1,-4.041392685158225
CC(C)(C)c1ccc(C(=O)Nc2cc(Br)ccc2C(=O)Nc2cccc(C(=O)O)c2)cc1,-1.6812412373755872
CC(C)c1onc(-c2c(Cl)cccc2Cl)c1COc1ccc(-c2nc3ccc(C(=O)O)cc3n2C)c(Cl)c1,-0.5634810853944107
CC(C)[C@@H](O)C[C@@H](C)C1=C2C[C@H](O)[C@H]3[C@@]4(C)CCC(=O)C(C)(C)[C@@H]4CC[C@]3(C)[C@@]2(C)CC1,-3.823474229170301
CC[C@@H]1[C@@H]2C[C@H](O)CC[C@]2(C)[C@H]2CC[C@@]3(C)[C@@H](CC[C@@H]3[C@H](C)CCNC(=O)C(=O)O)[C@@H]2[C@@H]1O,-1.3010299956639813
COc1ccc(C(=O)Nc2cccc(C(=O)O)c2)c(NC(=O)c2ccc(C(C)(C)C)cc2)c1,-0.9030899869919436
O=C(N[C@H]1CC[C@H](O)CC1)[C@H](C1CCCCC1)n1c(-c2ccc(Cl)cc2)nc2cc(F)c(F)cc21,-2.4771212547196626
COC(=O)/C=C/c1cccc(N(Cc2ccc(/C=C/c3cccc(C(F)(F)F)c3)cc2)C(=O)C(C)C)c1,-2.4265112613645754
CC(C)c1onc(-c2c(Cl)cccc2Cl)c1COc1ccc(COc2ccc(C#N)cc2)cc1,-2.9731278535996988
Cc1nn(-c2ccccc2C(C)C)c2c1[C@@H](c1ccc(Oc3ccccc3)cc1)S[C@@H](C)C(=O)N2,-3.278753600952829
COC(=O)/C=C/c1cccc(N(Cc2ccc(-c3cccc(Cl)c3)cc2)C(=O)C(C)C)c1,-1.8864907251724816
Cc1cc(C(=O)O)ccc1NC(=O)[C@H](C1CCCCC1)n1c(-c2ccc(Cl)cc2)nc2cc(F)c(F)cc21,-2.6989700043360187
COC(=O)/C=C/c1cccc(N(Cc2ccc(/C=C/c3ccccn3)cc2)C(=O)C2CCCCC2)c1,-2.4899584794248346
CC(C)c1onc(-c2c(Cl)cccc2Cl)c1COc1ccc(-c2ccc3c(C(=O)O)cccc3c2)cc1,-1.8893017025063104
O=C(N[C@H]1CC[C@H](C(=O)O)CC1)[C@H](C1CCCCC1)n1c(-c2ccc(Cl)cc2)nc2cc(F)c(F)cc21,-3.431363764158988
CC(C)c1onc(-c2c(Cl)cccc2Cl)c1COc1ccc(-c2nc3ccc(C(=O)O)cc3n2CC2CCCCC2)cc1,-1.0090257420869102
CC(C)OC(=O)C1=CN(C(=O)c2cccc(C(F)(F)F)c2)CC(C)(C)c2cc(C#N)[nH]c21,-0.9294189257142929
CO[C@H]1CC2=C3[C@H](C[C@]2(C)[C@@]2(C)CC[C@H]4C(C)(C)C(=O)CC[C@]4(C)[C@H]12)O[C@H]([C@@H](O)C(C)(C)O)C[C@H]3C,-4.157758886046864
CC(=O)O[C@H]([C@@H]1C[C@@H](C)C2=C3C=C[C@H]4[C@@]5(C)CCC(=O)C(C)(C)[C@@H]5CC[C@]4(C)[C@@]3(C)C[C@@H]2O1)C(C)(C)O,-3.675778341674085
CC(C)OC(=O)C1=CN(C(=O)c2ccc(CCN3CCOCC3)cc2)CC(C)(C)c2c1[nH]c1cc(F)ccc21,-2.534026106056135
C[C@@H]1C[C@@H]([C@@H](O)C(C)(C)O)O[C@H]2C[C@@]3(C)C(=C21)CC[C@@H]1[C@]3(C)CC[C@H]2C(C)(C)C(=O)CC[C@]12C,-4.122543524068754
CC(C)(C)OC(=O)/N=C(/NCCc1cc(NC(=O)Nc2ccncc2)no1)NC(=O)OC(C)(C)C,-4.476251796007033
CC(C)c1onc(-c2c(Cl)cccc2Cl)c1COc1ccc(-c2nc3ccc(C(=O)O)cc3n2C2CCCCC2)cc1,-0.6242820958356683
COC(C)(C)[C@H](O)[C@@H](O)C[C@@H](C)C1=C2C[C@H](O)[C@H]3[C@@]4(C)CCC(=O)C(C)(C)[C@@H]4CC[C@]3(C)[C@@]2(C)CC1,-3.949390006644913
COC(=O)/C=C/c1cccc(N(Cc2ccc(-c3ccc(C(C)(C)C)cc3)cc2)C(=O)C2CCCCC2)c1,-2.12057393120585
c1ccc(-c2noc(-c3ccccc3)n2)cc1,-2.724275869600789
CC[C@@H]1[C@@H]2C[C@H](O)CC[C@]2(C)[C@H]2CC[C@@]3(C)[C@@H](CC[C@@H]3[C@H](C)C[C@H](O)C(=O)O)[C@@H]2[C@@H]1O,-4.071882007306125
CC(C)(C)OC(=O)/N=C(\NCCCc1cc(C(=O)NCc2ccncc2)no1)NC(=O)OC(C)(C)C,-4.187238619831478
CC(C)c1onc(COc2ccc(Cl)c(Cl)c2)c1COc1ccc(/C=C/c2cccc(C(=O)O)c2)c(Cl)c1,-3.041392685158225
CC(C)(C)c1ccc(C(=O)Nc2ccccc2C(=O)Nc2cccc(C(=O)O)c2)cc1,-2.447158031342219
CC(C)OC(=O)C1=CN(C(=O)c2ccc(CCN3CCOCC3)cc2)CC(C)(C)c2c1[nH]c1ccccc21,-2.7795964912578244
c1ccc(CNc2c(-c3cccs3)nc3ccc(-c4ccccc4)cn23)cc1,-2.3010299956639813
Cc1cc(OCc2c(-c3cc[nH]c(=O)c3Cl)noc2C(C)C)ccc1-c1ccc2c(C(=O)O)cn(C)c2c1,-3.6989700043360174
COc1ccc(C(C)(C)c2cnc(SCCOc3ccc(-n4ccnc4)cc3)n2-c2ccc(F)cc2)cc1OC,-3.806179973983887
O=C(O)c1ccc(CNC(=O)c2ccc(-c3ccccc3)cc2)cc1,-2.643452676486187
O=C(O)c1ccc(NC(=O)[C@H](C2CCCCC2)n2c(-c3ccc(Cl)cc3)nc3cc(F)c(F)cc32)c(F)c1,-2.4771212547196626
O=C(O)c1cccc([C@H]2C[C@](O)(c3ccc(OCc4c(-c5c(Cl)cccc5Cl)noc4C4CC4)cc3Cl)C2)c1,-1.4313637641589874
CC[C@@H]1[C@@H]2C[C@H](O)CC[C@]2(C)[C@H]2CC[C@@]3(C)[C@@H](CC[C@@H]3[C@H](C)CCNC(=O)c3ccccn3)[C@@H]2[C@@H]1O,-1.4771212547196624
C[C@H](CCNC(=O)OCc1cccs1)C1CC[C@H]2[C@H]3[C@H](CC[C@]12C)[C@@]1(C)CC[C@@H](O)CC1C[C@H]3O,-2.6127838567197355
Cc1ccc2nc(-c3ccccc3C)c(NCc3ccccc3)n2c1,-2.4149733479708178
COC(=O)/C=C/c1cccc(N(Cc2ccc3c(c2OC)OC(C)(C)C=C3)C(=O)C2CCCCC2)c1,-2.5538830266438746
CC[C@@H]1[C@@H]2C[C@H](O)CC[C@]2(C)[C@H]2CC[C@@]3(C)[C@@H](CC[C@@H]3[C@H](C)CCCNS(C)(=O)=O)[C@@H]2[C@@H]1O,-2.041392685158225
CC(C)c1onc(-c2c(Cl)cccc2Cl)c1COc1ccc(-c2nc3ccc(C(=O)O)cc3n2C2CCCC2)cc1,-1.1335389083702174
CC(C)c1onc(-c2c(Cl)cccc2Cl)c1COc1ccc(C(=O)Nc2cccc(C(=O)O)c2)c(Cl)c1,-3.4771212547196626
Cc1ccc2nc(-c3ccc4ccccc4c3)c(NCc3ccccc3)n2c1,-2.322219294733919
Cc1ccc2nc(-c3ccccn3)c(NCc3ccccc3)n2c1,-1.3010299956639813
CC(C)c1onc(-c2c(Cl)cccc2Cl)c1COc1ccc(-c2cccc(CO)c2)cc1,-2.9190780923760737
CC(C)OC(=O)C1=CN(C(=O)c2cccc(OCCN3CCCCC3)c2)CC(C)(C)c2c1[nH]c1ccccc21,-2.951337518795918
O=C(O)c1cccc([C@H]2C[C@](OCCO)(c3ccc(OCc4c(-c5c(Cl)cccc5Cl)noc4C4CC4)cc3Cl)C2)c1,-2.574031267727719
CC(=O)NCCN(Cc1ccccc1)C(=O)c1nn(C)c2c1C(C)(C)Oc1ccc(Br)cc1-2,-3.633468455579586
CC1(C)O[C@@H]1[C@@H](O)C[C@](C)(O)C1=C2C[C@H](O)[C@H]3[C@@]4(C)CCC(=O)C(C)(C)[C@@H]4CC[C@]3(C)[C@@]2(C)CC1=O,-4.610021024664145
COc1ccc(CNc2c(-c3cc(Cl)ccn3)nc3ccc(Cl)cn23)cc1,0.5228787452803376
Cc1cc(OCc2c(-c3c(Cl)cccc3Cl)noc2C(C)C)cc(C)c1/C=C/c1ccc(C(=O)O)cc1,-1.568201724066995
Cc1ccc2nc(-c3ccc(Cl)c(Cl)c3)c(NCc3ccccc3)n2c1,-1.380211241711606
COC(=O)/C=C/c1cccc(N(Cc2ccc(/C=C/c3ccc(F)cc3)cc2)C(=O)NC(C)C)c1,-2.5415792439465807
O=C1NN(c2ccccc2)C(=O)/C1=C/c1cccc(OCc2cccc(C(F)(F)F)c2)c1,-3.840106094456758
CC(C)c1onc(-c2c(Cl)cccc2Cl)c1COc1ccc(N(C(=O)c2cccc(C(=O)O)c2)c2cccc3ccccc23)c(Cl)c1,-2.6127838567197355
O=C(O)c1cccc(NC(=O)c2ccccc2NC(=O)c2ccc3ccccc3c2)c1,-3.1760912590556813
CC(C)c1onc(-c2c(Cl)cccc2Cl)c1COc1ccc(COc2ccc(CC(=O)O)cc2)c(Cl)c1,-2.903089986991944
O=C(O)c1ccc(C2CC2c2ccc(OCc3c(-c4c(Cl)cccc4Cl)noc3C3CC3)cc2Cl)cn1,-1.7888751157754168
COC(=O)/C=C/c1cccc(N(Cc2ccc(-c3ccc(F)c(Cl)c3)cc2)C(=O)C2CCCCC2)c1,-1.8195439355418688
CC[C@@H]1C2C[C@H](O)CC[C@]2(C)[C@H]2CC[C@@]3(C)[C@@H](CC[C@@H]3[C@H](C)C[C@H](C)C(=O)O)[C@@H]2[C@@H]1O,-4.071882007306125
CNC(=O)c1ccc(CNC(=O)c2ccc(C(C)(C)C)cc2)cc1,-2.531478917042255
CC(C)(C)c1ccc(C(=O)NCc2ccc(OC(F)(F)F)cc2)cc1,-2.204119982655925
C[S+](O)c1ccc(CNC(=O)c2ccc(C(C)(C)C)cc2)cc1,-3.113943352306837
Cc1nn(-c2ccccc2C(F)(F)F)c2c1C(c1ccc(Oc3ccccc3)cc1)SC(C)C(=O)N2,-3.3010299956639813
C=C(C)[C@@H](O)[C@@H]1C[C@@H](C)[C@@]2(CC[C@@]3(C)C2=C[C@H](OC)[C@H]2[C@@]4(C)CCC(=O)C(C)(C)[C@@H]4CC[C@@]23C)O1,-4.2455126678141495
CC(C)(C)c1ccc(C(=O)Nc2ccccc2C(=O)NCCCC(=O)O)cc1,-3.397940008672037
Cc1cc(OCc2c(-c3c(Cl)cncc3Cl)noc2C(C)C)ccc1-c1ccc2c(C(=O)O)cn(C)c2c1,-2.9542425094393248
Cc1ccc(-n2nc(C)c3c2NC(=O)[C@H](C)S[C@@H]3c2ccc(Oc3ccccc3)cc2)cc1,-3.531478917042255
CC(=O)O[C@@H](C[C@@H](C)C1=C2C[C@H](O)[C@H]3[C@@]4(C)CCC(=O)C(C)(C)[C@@H]4CC[C@]3(C)[C@@]2(C)CC1)[C@H]1OC1(C)C,-3.552668216112193
O=C(Nc1ccc2c(c1)N(S(=O)(=O)c1ccc(F)cc1)CCC2)c1c(F)cccc1Cl,-3.724275869600789
CC(C)c1onc(-c2c(Cl)cccc2Cl)c1COc1ccc(C(=O)O)cc1,-3.824125833916549
COC(=O)/C=C/c1cccc(N(Cc2ccc(/C=C/c3ccccn3)cc2)C(=O)C(C)C)c1,-2.4913616938342726
CC[C@@H]1[C@@H]2C[C@H](O)CC[C@]2(C)[C@H]2CC[C@@]3(C)[C@@H](CC[C@@H]3[C@H](C)CCNS(=O)(=O)C3CC3)[C@@H]2[C@@H]1O,-2.361727836017593
CC(C)CN(Cc1ccc(-c2ccc(S(C)(=O)=O)cc2)cc1)S(=O)(=O)Cc1ccccc1,-3.380211241711606
CC(C)OC(=O)C1=CN(C(=O)c2ccc(OCCN3CCCC3)cc2)CC(C)(C)c2c1[nH]c1ccccc21,-2.843855422623161
Cc1ccc(-c2noc(-c3ccc(Cl)cc3)n2)cc1,-2.6127838567197355
CC(=O)Nc1ccc(CNC(=O)c2ccc(C(C)(C)C)cc2)cc1,-3.462397997898956
O=C1C(=Cc2ccc(OCc3ccccc3)cc2)C(=O)N(c2ccccc2)N1c1ccccc1,-3.8000293592441343
CC(C)c1onc(-c2c(Cl)cccc2Cl)c1COc1ccc(CO)cc1,-3.4668676203541096
CC(=O)O[C@H]1C[C@@H](C)C2=C3C[C@H](O)[C@H]4[C@@]5(C)CCC(=O)C(C)(C)[C@@H]5CC[C@]4(C)[C@@]3(C)C[C@@H]2O[C@H]1C(C)(C)O,-4.304275050477128
CCOC(=O)C(=Cc1ccc(OCc2ccccc2)cc1)C(=O)OCC,-3.7902851640332416
CC[C@@H]1[C@@H]2C[C@H](O)CC[C@]2(C)[C@H]2CC[C@@]3(C)[C@@H](CC[C@@H]3[C@H](C)CCc3cc(O)no3)[C@@H]2[C@@H]1O,-1.4771212547196624
CCN(CC)c1ccc2cc(-c3nc(-c4ccccc4)no3)c(=O)oc2c1,-2.6627578316815743
Cc1c(NC(=O)c2ccccc2NC(=O)c2ccc(C(C)(C)C)cc2)cccc1C(=O)O,-1.6232492903979006
Cc1ccc2nc(-c3ccccc3)c(NCc3ccccc3)n2c1,-2.447158031342219
C[C@H]1C[C@@H]2CCCC[C@]2(C)[C@H]2CC[C@@]3(C)[C@@H](CC[C@@H]3[C@H](C)CCC(=O)NCCS(=O)(=O)O)[C@H]12,-4.02530586526477
COC(C)(C)[C@H](OC(C)=O)[C@@H]1C[C@@H](C)C2=C3C[C@H](O)[C@H]4[C@@]5(C)CCC(=O)C(C)(C)[C@@H]5CC[C@]4(C)[C@@]3(C)C[C@@H]2O1,-4.22219604630172
COC(=O)/C=C/c1cccc(N(Cc2ccc(-c3cc(Cl)ccc3OC)cc2)C(=O)C2CCCCC2)c1,-2.3686772954127857
Cc1cccc(COc2cccc(/C=C3\C(=O)NN(C(=O)c4ccncc4)C3=O)c2)c1,-3.380211241711606
O=C(O)C[C@H]1CC[C@H](NC(=O)[C@H](C2CCCCC2)n2c(-c3ccc(Cl)cc3)nc3cc(F)c(F)cc32)CC1,-3.6989700043360174
CN(C)C(=O)c1ccc(CNC(=O)c2ccc(C(C)(C)C)cc2)cc1,-2.230448921378274
O=C(O)c1cc(F)c2nc(N3C4CCC3CC(OCc3c(-c5ccccc5C(F)(F)F)noc3C3CC3)C4)sc2c1,0.3010299956639812
COC(=O)/C=C/c1cccc(N(Cc2ccc(-c3ccc(F)c(Cl)c3)cc2)C(=O)C(C)C)c1,-2.1102866084035656
CC(C)c1onc(-c2c(Cl)cccc2Cl)c1COc1ccc(/C=C/c2cccc(C(=O)NNC(=S)Nc3ccc(-c4c5ccc(=O)cc-5oc5cc(O)ccc45)c(C(=O)O)c3)c2)c(Cl)c1,-2.740362689494244
CC(C)(C)c1ccc(C(=O)Nc2ccccc2C(=O)Nc2cccc(CCC(=O)O)c2)cc1,-1.792391689498254
COc1cccc(-c2ccc([C@H]3S[C@@H](C)C(=O)Nc4c3c(C)nn4-c3ccccc3C)cc2)c1,-3.255272505103306
O=S(=O)(c1ccc(F)cc1)N(CC(F)(F)F)c1ccc(C(O)(C(F)(F)F)C(F)(F)F)cc1,-3.0
CC(C)c1onc(-c2c(Cl)cccc2Cl)c1COc1ccc(C(=O)N(Cc2ccccc2)c2ccc(C(=O)O)cc2)c(Cl)c1,-3.4149733479708178
COc1ccc(CNC(=O)c2ccc(C(C)(C)C)cc2)cc1,-2.1760912590556813
CC1C[C@@H]2C[C@H](O)CC[C@]2(C)[C@H]2CC[C@@]3(C)[C@@H](CC[C@@H]3[C@H](C)CCC(=O)O)[C@H]12,-4.209515014542631
CC(C)OC(=O)C1CN(C(=O)c2cccc(C(F)(F)F)c2)CC(C)(C)c2cc(C#N)[nH]c21,-3.431363764158988
CC(C)OC(=O)C1=CN(C(=O)c2ccc(OCCCN3CCCC3)cc2)CC(C)(C)c2c1[nH]c1ccccc21,-2.558708570533166
CC(C)(C)c1ccc(C(=O)Nc2ccccc2C(=O)Nc2cccc(CC(=O)O)c2)cc1,-2.6232492903979003
O=C(O)c1cccc(NC(=O)C(C2CCCCC2)n2c(-c3ccc(Cl)cc3)nc3cc(F)c(F)cc32)c1,-4.02938377768521
O=C(O)c1ccc2nc(N3CCCC(OCc4c(-c5ccccc5OC(F)(F)F)noc4C4CC4)CC3)sc2c1,-0.7323937598229685
CC[C@@H]1[C@@H]2C[C@H](O)CC[C@]2(C)[C@H]2CC[C@@]3(C)[C@@H](CC[C@@H]3[C@H](C)CCc3nn[nH]n3)[C@@H]2[C@@H]1O,-1.7781512503836436
C[C@H](C/C=C(/C=O)c1ccccc1)C1=C2C[C@H](O)[C@H]3[C@@]4(C)CCC(=O)C(C)(C)[C@@H]4CC[C@]3(C)[C@@]2(C)CC1,-3.6711728427150834
CC(=O)O[C@H]([C@@H]1C[C@@H](C)C2=C3[C@H](O)C[C@@H]4[C@](C)(CC[C@H]5C(C)(C)C(=O)CC[C@]45C)[C@@]3(C)C[C@@H]2O1)C(C)(C)O,-4.478277831919605
CC(C)c1onc(-c2ccccc2)c1COc1ccc(COc2ccc(CC(=O)O)cc2)cc1,-4.041392685158225
C=C(C)[C@@H](O)[C@@H]1C[C@@H](C)[C@@]2(CC[C@@]3(C)C2=C[C@H](O)[C@H]2[C@@]4(C)CCC(=O)C(C)(C)[C@@H]4CC[C@@]23C)O1,-4.189490313699367
Cc1ccc(-c2nc3ccc(C)cn3c2NCc2ccccc2)cc1,-2.113943352306837
CC(C)OC(=O)C1=CN(C(=O)c2ccc(F)cc2)CCc2c1[nH]c1ccccc21,-2.6989700043360187
CC(C)Oc1ccc(CNC(=O)c2ccc(C(C)(C)C)cc2)cc1,-2.230448921378274
CC[C@@H]1[C@@H]2C[C@H](O)CC[C@]2(C)[C@H]2CC[C@@]3(C)[C@@H](CC[C@@H]3[C@H](C)CCNC(=O)NC3CC3)[C@@H]2[C@@H]1O,-1.845098040014257
COC(=O)C[C@@H](C)C1=C2[C@H](O)C[C@@H]3[C@](C)(CC[C@H]4C(C)(C)C(=O)CC[C@]34C)[C@@]2(C)C[C@@H]1OC,-4.306425027550687
O=C(O)c1ccc(NC(=O)[C@H](C2CCCCC2)n2c(-c3ccc(Cl)cc3)nc3cc(F)c(F)cc32)c(C(F)(F)F)c1,-1.6989700043360187
O=C(O)CCc1cccc(NC(=O)c2ccccc2NC(=O)c2ccc(C(F)(F)F)cc2)c1,-3.361727836017593
COC(=O)/C=C/c1cccc(N(Cc2ccc(-c3cccc(C)c3)cc2)C(=O)C2CCCCC2)c1,-2.037426497940624
CC(C)c1onc(-c2c(Cl)cccc2Cl)c1COc1ccc(N(C)Cc2ccc(OCCO)cc2)c(C(F)(F)F)n1,-2.2027606873932
CCOC(=O)C1=CN(C(=O)c2ccc(Cl)cc2)CC(C)c2c1[nH]c1ccccc21,-1.863322860120456
CC(=O)O[C@H]1C[C@@H](C)[C@@]2(CC[C@@]3(C)C(=O)C=C[C@H]4[C@@]5(C)CCC(=O)C(C)(C)[C@@H]5CC[C@@]43C)O[C@@H]1C(C)(C)O2,-4.388811413473523
CC[C@@H]1[C@@H]2Cc3[nH]ncc3C[C@]2(C)[C@H]2CC[C@@]3(C)[C@@H](CC[C@@H]3[C@H](C)CCC(=O)O)[C@@H]2[C@@H]1O,-2.4771212547196626
C[C@H](CCC(=O)O)[C@H]1CC[C@H]2[C@H]3[C@H](C[C@H](O)[C@@]21C)[C@@]1(C)CC[C@@H](O[C@@H]2O[C@H](CO)[C@@H](O)[C@H](O)[C@H]2O)C[C@H]1C[C@H]3O,-4.9614210940664485
C[C@H](C[C@H](O)[C@@H](O)[C@@]1(C)CO1)C1=C2C[C@H](O)[C@H]3[C@@]4(C)CCC(=O)C(C)(C)[C@@H]4CC[C@]3(C)[C@@]2(C)CC1,-2.0791812460476247
Cc1ccc(CNc2c(-c3cccs3)nc3ccc(C)cn23)cc1,-2.342422680822206
Cc1ccc2nc(-c3cccs3)c(NCCCc3ccccc3)n2c1,-2.361727836017593
COC(=O)/C=C/c1cccc(N(Cc2ccc(-c3c(OC)cccc3OC)cc2)C(=O)NC(C)C)c1,-2.74948122789537
Cc1ccc2nc(-c3cccs3)c(NCc3ccccc3)n2c1,-2.7323937598229686
CC(C)(C)c1ccc(C(=O)NCc2ccc(C(=O)O)c(Cl)c2)cc1,-0.9444826721501688
CC(=O)C1CCC(Cn2c(-c3ccc(OCc4c(-c5c(Cl)cccc5Cl)noc4C(C)C)cc3)nc3ccc(C(=O)O)cc32)CC1,-3.0667357953509287
N#Cc1ccc(S(=O)(=O)N(CC(F)(F)F)c2ccc(C(O)(C(F)(F)F)C(F)(F)F)cc2)cc1,-3.4771212547196626
Cc1cccc(-n2nc(C)c3c2NC(=O)[C@H](C)S[C@@H]3c2ccc(Oc3ccccc3)cc2)c1,-3.380211241711606
COC(=O)/C=C/c1cccc(N(Cc2ccc(-c3ccc(C)cc3)cc2)C(=O)C(C)C)c1,-2.071882007306125
Cc1ccn2c(NCCCCc3ccccc3)c(-c3cccs3)nc2c1,-2.8750612633917
Cc1ccc2nc(-c3ccsc3)c(NCc3ccccc3)n2c1,-2.9190780923760737
CCCNC(=O)c1cccc(/C=C/c2ccc(OCc3c(-c4c(Cl)cccc4Cl)noc3C(C)C)cc2Cl)c1,-3.9542425094393248
CC(C)OC(=O)C1CN(C(=O)c2ccc(F)cc2)CC(C)(C)c2cc(C#N)[nH]c21,-2.806179973983887
CC[C@@H]1[C@@H]2C[C@H](O)CC[C@]2(C)[C@H]2CC[C@@]3(C)[C@@H](CC[C@@H]3[C@H](C)CCC(C)=O)[C@@H]2[C@@H]1O,-3.0
CC(=O)NCCN(Cc1ccccc1F)C(=O)c1nn(C)c2c1COc1ccc(Br)cc1-2,-1.5378190950732742
O=C(O)c1cnc(N2CC(O)(c3ccc(OCc4c(-c5c(Cl)cncc5Cl)noc4C4CC4)cc3Cl)C2)c(F)c1,-0.6901960800285137
O=C(O)c1ccc(CNC(=O)c2cccc(-c3ccccc3)c2)cc1,-2.8260748027008264
O=C(O)c1cccc(NC(=O)c2ccccc2NC(=O)c2ccc(C(F)(F)F)c(F)c2)c1,-3.6989700043360174
Cc1cc(OCc2c(-c3c(Cl)c[n+]([O-])cc3Cl)noc2C(C)C)ccc1-c1ccc2c(C(=O)O)cn(C)c2c1,-2.008600171761917
CC(C)OC(=O)C1=CN(C(=O)c2ccc(F)cc2)CC(C)(C)c2cc(C#N)[nH]c21,-0.6989700043360189
O=C(O)c1cc(F)c(NC(=O)[C@H](C2CCCCC2)n2c(-c3ccc(Cl)cc3)nc3cc(F)c(F)cc32)c(F)c1,-3.146128035678238
CC(C)c1occ(COc2c(Cl)cccc2Cl)c1COc1ccc(/C=C/c2cccc(C(=O)O)c2)c(Cl)c1,-3.089905111439398
CC[C@@H]1[C@@H]2C[C@H](O)CC[C@]2(C)[C@H]2CC[C@@]3(C)[C@@H](CC[C@@H]3[C@H](C)CCCNC(N)=O)[C@@H]2[C@@H]1O,-2.113943352306837
CC(C)c1onc(-c2c(Cl)cccc2Cl)c1COc1ccc2nc(-c3cccc(C(=O)O)c3)sc2c1,-2.6127838567197355
CC(C)(C)c1ccc(C(=O)Nc2ccccc2C(=O)Nc2cccc(C#N)c2)cc1,-2.361727836017593
CC(C)OC(=O)C1=CN(C(=O)c2ccc(F)c(F)c2)CC(C)(C)c2c1[nH]c1ccccc21,-1.230448921378274
CC(C)(C)c1ccc(C(=O)NCc2ccc(NS(C)(=O)=O)cc2Cl)cc1,-1.3096301674258988
C[C@H](C[C@H](O)[C@H]1OC1(C)C)C1=C2CC[C@@H]3[C@](C)(CC[C@H]4C(C)(C)C(=O)CC[C@]34C)[C@@]2(C)CC1,-2.041392685158225
CC(C)OC(=O)C1=CN(C(=O)c2ccc(OCCN(C)C)cc2)CC(C)(C)c2c1[nH]c1ccccc21,-2.6424645202421213
O=C(Nc1ccc2c(c1)N(S(=O)(=O)c1ccc(F)cc1)CCC2)c1ccccc1Cl,-3.770852011642144
Cc1nn(-c2ccccc2I)c2c1C(c1ccc(Oc3ccccc3)cc1)SC(C)C(=O)N2,-3.113943352306837
COc1ccc(-c2nc3cc(F)c(F)cc3n2[C@H](C(=O)N[C@H]2CC[C@H](C(=O)O)CC2)C2CCCCC2)c(Cl)n1,-3.041392685158225
CC(=O)NCCN(Cc1ccccc1)C(=O)c1nn(C)c2c1COc1ccc(I)cc1-2,-1.2671717284030135
CC(C)c1onc(-c2c(Cl)cccc2Cl)c1COc1ccc(C(=O)N(CCc2ccccc2)c2cccc(C(=O)O)c2)c(Cl)c1,-2.9242792860618816
CC(C)c1onc(-c2c(Cl)cccc2Cl)c1COc1ccc(/C=C/c2cccc(C(=O)N(Cc3ccccc3)Cc3ccccc3)c2)c(Cl)c1,-4.545307116465824
CC[C@@H]1[C@@H]2C[C@H](O)CC[C@]2(C)[C@H]2CC[C@@]3(C)[C@@H](CC[C@@H]3[C@H](C)CCNC(C)=O)[C@@H]2[C@@H]1O,-2.1760912590556813
COc1ccc(C2SC(C)C(=O)Nc3c2c(C)nn3-c2ccccc2C)c(OC)c1,-4.021189299069938
O=C(O)c1ccc(CNC(=O)c2ccc3ccccc3c2)cc1,-3.133538908370217
Cc1cc(CNC(=O)c2ccc(C(C)(C)C)cc2)ccc1C(=O)O,-2.204119982655925
O=C(O)c1ccc(NC(=O)[C@H](C2CCCCC2)n2c(-c3ccc(Cl)cc3)nc3ccccc32)c(C(F)(F)F)c1,-1.9542425094393248
CC(C)c1onc(-c2c(Cl)cccc2Cl)c1COc1ccc(COc2ccc(C(=O)O)cc2)cc1,-2.4771212547196626
CC(C)c1onc(-c2c(Cl)cccc2Cl)c1COc1ccc(COc2cccc(C(=O)O)c2)cc1,-2.6627578316815743
CC[C@@H]1[C@@H]2C[C@H](O)CC[C@]2(C)[C@H]2CC[C@@]3(C)[C@@H](CC[C@@H]3[C@H](C)CCC(N)=O)[C@@H]2[C@@H]1O,-2.7781512503836434
CC(=O)N1CCN(c2ccc(CN(C3CCC3)S(=O)(=O)Cc3ccccc3F)c(F)c2)CC1,-3.785329835010767
CCCCOC(=O)C1=CN(C(=O)c2ccc(F)cc2)CCc2c1[nH]c1ccccc21,-3.041392685158225
CC(C)c1onc(-c2ccccc2Cl)c1COc1ccc(CCCC(=O)O)cc1,-3.57978359661681
COc1ccc2nc(-c3cccs3)c(NCc3ccccc3)n2c1,-2.9190780923760737
COC(=O)/C=C/c1cccc(N(Cc2ccc(/C=C/c3ccccc3)cc2)C(=O)C2CCCCC2)c1,-1.5563025007672873
CC(C)c1onc(-c2c(Cl)cccc2Cl)c1COc1ccc(S(C)(=O)=O)cc1,-3.037426497940624
COC(=O)/C=C/c1cccc(N(Cc2ccc(-c3cccc(OC)c3)cc2)C(=O)C2CCCCC2)c1,-1.8882356732705672
C[C@H](CCNC(=O)OC1C2CC3CC(C2)CC1C3)C1CC[C@H]2[C@H]3[C@H](CC[C@]12C)[C@@]1(C)CC[C@@H](O)CC1C[C@H]3O,-2.7781512503836434
C[C@H](C[C@@H]1OC(C)(C)O[C@H]1C(C)(C)O)C1=C2C=C[C@H]3[C@@]4(C)CCC(=O)C(C)(C)[C@@H]4CC[C@]3(C)[C@@]2(C)CC1=O,-3.401400540781544
C[C@@H]1C[C@@H]([C@@H](O)C(C)(C)O)O[C@H]2C[C@@]3(C)C(=C21)C[C@H](O)[C@H]1[C@@]2(C)CCC(=O)C(C)(C)[C@@H]2CC[C@@]13C,-4.17897694729317
CCOC(=O)C1=CN(C(=O)c2ccc(Cl)cc2)CC(C)(C)c2c1[nH]c1ccccc21,-1.3979400086720375
Cc1ccc2nc(-c3cccs3)c(Cc3ccccc3)n2c1,-2.908485018878649
COC(=O)/C=C/c1cccc(N(Cc2ccc(-c3cccc(OC(F)(F)F)c3)cc2)C(=O)C(C)C)c1,-2.392696953259666
COC(=O)/C=C/c1cccc(N(Cc2ccc(-c3cccc(OC)c3)cc2)C(=O)NC(C)C)c1,-3.1367205671564067
CC(C)OC(=O)C1=CN(C(=O)c2ccc(F)c(F)c2)CC(C)(C)c2cc(C#N)[nH]c21,-0.7993405494535817
COC(=O)/C=C/c1cccc(N(Cc2ccc(-c3ccc(N(C)C)cc3)cc2)C(=O)C(C)C)c1,-1.7558748556724917
COC(=O)/C=C/c1cccc(N(Cc2ccc(-c3ccc(C(C)(C)C)cc3)cc2)C(=O)C(C)C)c1,-2.5352941200427703
COC(=O)/C=C/c1cccc(N(Cc2ccc(/C=C/C(=O)OC(C)(C)C)cc2O)C(=O)C2CCCCC2)c1,-3.0
O=C(NC[C@H]1CC[C@H](C(=O)O)CC1)[C@H](C1CCCCC1)n1c(-c2ccc(Cl)cc2)nc2cc(F)c(F)cc21,-4.0
CC(C)OC(=O)C1=CN(C(=O)c2ccc(F)c(F)c2)CC(C)(C)c2c1[nH]c1ccc(F)cc21,-1.6532125137753435
COc1ccc(C(=O)O)cc1NC(=O)c1ccccc1NC(=O)c1ccc(C(C)(C)C)cc1,-3.6720978579357175
CC(C)c1onc(COc2c(Cl)cccc2Cl)c1COc1ccc(/C=C/c2cccc(C(=O)O)c2)c(Cl)c1,-1.921686475483602
CCc1onc(-c2c(Cl)cccc2Cl)c1COc1cc(C)c(/C=C/c2ccc(C(=O)O)cc2)c(C)c1,-2.0
COC(=O)/C=C/c1cccc(N(Cc2ccc(/C=C/c3ccc(F)cc3)cc2)C(=O)C(C)C)c1,-2.0791812460476247
COC(=O)/C=C/c1cccc(N(Cc2ccc(/C=C/c3c(F)cccc3F)cc2)C(=O)C(C)C)c1,-2.03342375548695
CC(C)OC(=O)C1=CN(C(=O)c2cccc(F)c2)CC(C)(C)c2cc(C#N)[nH]c21,-0.3979400086720376
Cc1cccc(COc2cccc(/C=C3\C(=O)NN(C(=O)c4ccc(F)cc4)C3=O)c2)c1,-3.269512944217916
O=C(O)c1ccc(NC(=O)[C@H](C2CCCCC2)n2c(-c3ccc(Cl)cc3)nc3cc(F)c(F)cc32)cc1,-3.397940008672037
CC(C)C(=O)[C@@H](O)C[C@@H](C)C1=C2C[C@H](O)[C@H]3[C@@]4(C)CCC(=O)C(C)(C)[C@@H]4CC[C@]3(C)[C@@]2(C)CC1,-1.9542425094393248
CC(C)[C@H]1O[C@H]2C3=C([C@H](C)C[C@H](O)[C@@H](O)C(C)(C)O)CC[C@]3(C)[C@@]3(C)CC[C@H]4C(C)(C)C(=O)CC[C@]4(C)[C@@H]3[C@H]2O1,-4.040206627574711
COC(=O)c1cccc(-c2ccc(OCc3c(-c4c(Cl)cccc4Cl)noc3C(C)C)cc2)c1,-3.447158031342219
COC(=O)/C=C/c1cccc(N(Cc2ccc(-c3cccc(C)c3)cc2)C(=O)NC(C)C)c1,-3.121930625217794
O=C(N[C@H]1CC[C@H](C(=O)O)CC1)[C@H](C1CCCCC1)n1c(-c2ccc(Cl)nc2)nc2cc(F)c(F)cc21,-3.9867717342662448
Cc1ccc2nc(-c3nc(C)cs3)c(NCc3ccccc3)n2c1,-2.342422680822206
C=C(C)[C@@H](O)[C@@H](O)C[C@@H](C)C1=C2C=C[C@H]3[C@@]4(C)CCC(=O)C(C)(C)[C@@H]4CC[C@]3(C)[C@@]2(C)CC1=O,-3.380211241711606
CC(C)OC(=O)C1=CN(C(=O)c2cccc(OCCN3CCCC3)c2)CC(C)(C)c2c1[nH]c1ccccc21,-3.119585774961784
CC(C)(C)c1ccc(C(=O)NCc2ccc(C(N)=O)cc2)cc1,-3.57978359661681
CC(C)(C)c1ccc(C(=O)NCc2ccc(-c3nnn[nH]3)cc2)cc1,-2.0791812460476247
COC(OC)C(C)(C)[C@@H](O)C[C@@H](C)C1=C2C[C@H](O)[C@H]3[C@@]4(C)CCC(=O)C(C)(C)[C@@H]4CC[C@]3(C)[C@@]2(C)CC1,-4.08170727009735
Cc1cc(C(F)(F)F)cc(OCc2c(-c3c(Cl)cccc3Cl)noc2C(C)C)n1,-2.3521825181113627
CC(C)c1onc(-c2c(Cl)cccc2Br)c1COc1ccc(/C=C/c2cccc(C(=O)O)c2)c(Cl)c1,-1.0791812460476249
CC(=O)O[C@H]([C@@H]1C[C@@H](C)C2=C3C[C@H](O)[C@H]4[C@@]5(C)CCC(=O)C(C)(C)[C@@H]5CC[C@]4(C)[C@@]3(C)C[C@@H]2O1)C(C)(C)O,-4.402948829344405
COC(=O)/C=C/c1cccc(N(Cc2ccc(-c3ccc(OC(F)(F)F)cc3)cc2)C(=O)C2CCCCC2)c1,-2.42080534149094
CC(C)(C)c1ccc(C(=O)NCc2ccc(S(C)(=O)=O)cc2)cc1,-3.57978359661681
C[C@H](CCC(=O)O)[C@H]1CC[C@H]2[C@H]3[C@H](C[C@H](O)[C@@]21C)[C@@]1(C)CC[C@@H](O)C[C@H]1C[C@H]3O,-4.653212513775344
COC(=O)/C=C/c1cccc(N(Cc2ccc(-c3ccc(OC)cc3)cc2)C(=O)C2CCCCC2)c1,-1.9493900066449128
COC(=O)/C=C/c1cccc(N(Cc2ccc(/C=C/c3c(C)cc(C)cc3C)cc2)C(=O)NC(C)C)c1,-2.6344772701607315
CC(C)OC(=O)C1=CN(C(=O)c2ccc(OCCN3CCN(C)CC3)cc2)CC(C)(C)c2c1[nH]c1ccccc21,-2.4578818967339924
CCOC(=O)C1=CN(C(=O)c2ccc(OC)cc2)CC(C)(C)c2c1[nH]c1ccccc21,-1.462397997898956
COC(=O)/C=C/c1cccc(N(Cc2ccc(/C=C/c3cccc(C(F)(F)F)c3)cc2)C(=O)NC(C)C)c1,-2.9694159123539814
C[C@H](C[C@H](O)[C@@H](O)C(C)(C)O)[C@@]1(O)CC[C@@]2(C)C1=CC(=O)[C@H]1[C@@]3(C)CCC(=O)C(C)(C)[C@@H]3CC[C@@]12C,-4.701136066092526
O=C(Nc1ccc(OC2(C(=O)O)CC2)cc1F)[C@H](C1CCCCC1)n1c(-c2ccc(Cl)cc2)nc2cc(F)c(F)cc21,-2.7781512503836434
CC[C@@H]1[C@@H]2C[C@H](O)CC[C@]2(C)[C@H]2CC[C@@]3(C)[C@@H](CC[C@@H]3[C@H](C)CCNC(=O)OC3CCCCC3)[C@@H]2[C@@H]1O,-2.4771212547196626
COc1cc(C(=O)NCc2ccc(C(=O)O)cc2)ccc1C(C)(C)C,-3.0791812460476247
CC1(C)CCC[C@@]2(C)[C@H]1CC[C@]1(C)[C@@H](CCc3ccoc3)[C@@H](O)CC[C@H]21,-4.3979400086720375
COc1cc(C(=O)O)cc2sc(N3C4CCC3CC(OCc3c(-c5ccccc5OC(F)(F)F)noc3C3CC3)C4)nc12,0.3053948010664313
CC(=O)c1ccc(CNC(=O)c2ccc(C(C)(C)C)cc2)cc1,-2.0
CC[C@@H]1[C@@H]2C[C@H](OC)CC[C@]2(C)[C@H]2CC[C@@]3(C)[C@@H](CC[C@@H]3[C@H](C)CCC(=O)O)[C@@H]2[C@@H]1O,-3.255272505103306
O=C1NN(c2ccccc2)C(=O)/C1=C/c1cccc(OCc2cccc(F)c2)c1,-3.680335513414563
COC(=O)/C=C/c1cccc(N(Cc2ccc(-c3c(OC)cccc3OC)cc2)C(=O)C2CCCCC2)c1,-1.8864907251724816
CC[C@@H]1[C@@H]2C[C@H](O)CC[C@]2(C)[C@H]2CC[C@@]3(C)[C@@H](CC[C@@H]3[C@H](C)CCC(=O)S)[C@@H]2[C@@H]1O,-2.380211241711606
CCOC(=O)C1=CN(C(=O)c2ccc(F)cc2)CC(C)c2c1[nH]c1ccccc21,-1.7558748556724917
CC(C)c1onc(-c2c(Cl)cccc2Cl)c1COc1ccc(-c2nc3ccc(C(=O)O)cc3n2C)cc1Cl,-1.2787536009528289
CC(=O)O[C@H]([C@@H]1C[C@@H](C)C2=C3CC[C@@H]4[C@](C)(CC[C@H]5C(C)(C)C(=O)CC[C@]45C)[C@@]3(C)C[C@@H]2O1)C(C)(C)O,-4.671728088239558
COC(=O)/C=C/c1cccc(N(Cc2ccc(-c3ccc(N(C)C)cc3)cc2)C(=O)C2CCCCC2)c1,-1.3979400086720375
C[C@H](CCC(=O)O)C1CC[C@H]2[C@H]3[C@H](CC[C@]12C)[C@@]1(C)CC[C@@H](O)CC1[C@@H](CCO)[C@H]3O,-4.786396461372305
COc1ccc(Cl)c(-c2noc(C(C)C)c2COc2ccc(-c3ccc4c(C(=O)O)cn(C)c4c3)c(C)c2)n1,-3.3010299956639813
COC(=O)/C=C/c1cccc(N(Cc2ccc(/C=C/c3scnc3C)cc2)C(=O)C(C)C)c1,-2.357934847000454
CC[C@@H]1[C@@H]2C[C@H](O)CC[C@]2(C)[C@H]2CC[C@@]3(C)[C@@H](CC[C@@H]3[C@H](C)CCNC(=O)OC)[C@@H]2[C@@H]1O,-2.4771212547196626
CC(C)(C)c1ccc(NC(=O)Nc2ccc(C(=O)O)cc2)cc1,-3.57978359661681
CC(C)OC(=O)C1=CN(C(=O)c2cccc(CN3CCOCC3)c2)CC(C)(C)c2c1[nH]c1ccccc21,-3.1983821300082944
CC(C)OC(=O)C1=CN(C(=O)c2ccc(OCCN3CCOCC3)cc2)CC(C)(C)c2c1[nH]c1cc(F)ccc21,-1.99563519459755
COC(=O)/C=C/c1cccc(N(Cc2ccc(-c3ccc(C)cc3)cc2)C(=O)NC(C)C)c1,-2.6522463410033232
COc1ccc(C(=O)Nc2ccc(C)c(C(=O)O)c2)c(NC(=O)c2ccc(C(C)(C)C)cc2)c1,-1.9395192526186185
Cc1ccc2nc(-c3cccs3)c(NCc3ccc4c(c3)OCO4)n2c1,-2.681241237375587
CC(C)c1onc(-c2c(Cl)cccc2Cl)c1COc1ccc(-c2ccc3c(C(=O)O)csc3c2)cc1,-1.3521825181113625
Cc1ccc2nc(-c3cccn3C)c(NCc3ccccc3)n2c1,-3.041392685158225
Cc1ccc2nc(-c3cccc(Cl)n3)c(NCc3ccccc3)n2c1,-1.9030899869919435
Cc1cc(NCc2ccc(OCc3c(-c4c(Cl)cccc4Cl)noc3C(C)C)cc2)ccc1CC(=O)O,-3.0791812460476247
COc1ccc(Oc2ccc([C@H]3S[C@@H](C)C(=O)Nc4c3c(C)nn4-c3ccccc3C)cc2)cc1,-3.342422680822206
CC(C)OC(=O)C1=CN(C(=O)c2ccc(OCCCN(C)C)cc2)CC(C)(C)c2c1[nH]c1ccccc21,-2.432969290874406
CC(C)c1onc(COc2cc(Cl)cc(Cl)c2)c1COc1ccc(/C=C/c2cccc(C(=O)O)c2)c(Cl)c1,-3.041392685158225
CC(=O)O[C@@H](C[C@@H](C)C1=C2C=C[C@H]3[C@@]4(C)CCC(=O)C(C)(C)[C@@H]4CC[C@]3(C)[C@@]2(C)CC1=O)[C@H](O)C(C)(C)O,-4.084218686739239
CCOc1ccc(CNC(=O)c2ccc(C(C)(C)C)cc2)cc1,-2.204119982655925
CC[C@@H]1[C@@H]2C[C@H](O)CC[C@]2(C)[C@H]2CC[C@@]3(C)[C@@H](CC[C@@H]3[C@H](C)CCNC(=O)N3CC[C@H](O)C3)[C@@H]2[C@@H]1O,-1.9030899869919435
COc1ccc(COC(=O)NCC[C@@H](C)C2CC[C@H]3[C@H]4[C@H](CC[C@]23C)[C@@]2(C)CC[C@@H](O)CC2C[C@H]4O)cc1,-3.170261715394957
C[C@H](C[C@H](O)[C@@H](O)C(C)(C)O)C1=C2C[C@H](O)[C@H]3[C@@]4(C)CCC(=O)C(C)(C)[C@@H]4C[C@@H](O)[C@]3(C)[C@@]2(C)CC1,-4.243038048686294
CC(NC(=O)c1ccc(C(C)(C)C)cc1)c1ccc(C(=O)O)cc1,-1.8808135922807911
C[C@H](CCC(=O)O)C1CC[C@H]2[C@H]3[C@H](CC[C@]12C)[C@@]1(C)CC[C@@H](O)CC1[C@@H](C)[C@H]3O,-2.8750612633917
CC(C)c1onc(-c2c(Cl)cccc2Cl)c1COc1cccc(CO)c1,-3.640481436970422
C[C@@H]1C[C@@H]([C@@H](O)C(C)(C)O)O[C@H]2C[C@@]3(C)C(=C21)C=C[C@H]1[C@@]2(C)CCC(=O)C(C)(C)[C@@H]2CC[C@@]13C,-3.752816431188271
COC(=O)/C=C/c1cccc(N(Cc2ccc(-c3ccc(C(C)=O)s3)cc2)C(=O)C2CCCCC2)c1,-2.4082399653118496
CC(C)OC(=O)C1=CN(C(=O)c2cccc(OCCN(C)C)c2)CC(C)(C)c2c1[nH]c1ccccc21,-3.141763230275788
COC(=O)/C=C/c1cccc(N(Cc2ccc(/C=C/c3cccc(F)c3)cc2)C(=O)C(C)C)c1,-1.8512583487190752
COc1cc([N+](=O)[O-])ccc1NC(=O)CNc1ccccc1N1CCCC1=O,-3.6364878963533656
COc1ccc(-c2nc3ccc(C)cn3c2NCc2ccccc2)cc1OC,-2.959041392321093
Cc1ccc2nc(-c3cc(Cl)ccn3)c(NCc3ccccc3)n2c1,-0.1760912590556812
Cn1nc(C(=O)O)c2ccc(C3CC3c3ccc(OCc4c(-c5c(Cl)cccc5Cl)noc4C4CC4)cc3Cl)cc21,-1.130333768495006
COC(=O)/C=C/c1cccc(N(Cc2ccc(/C=C/c3cccc(F)c3)cc2)C(=O)NC(C)C)c1,-2.6696608320343813
O=C(O)c1cccc(NC(=O)c2cc(Cl)ccc2NC(=O)c2ccc(C(F)(F)F)cc2)c1,-3.531478917042255
CCO[C@H]1C[C@@]2(C)C(=C1[C@H](C)C[C@H](OC(C)=O)[C@H]1OC1(C)C)C[C@H](O)[C@H]1[C@@]3(C)CCC(=O)C(C)(C)[C@@H]3CC[C@@]12C,-3.100370545117563
O=C(O)Cc1cccc(NC(=O)c2ccccc2NC(=O)c2ccc(SC(F)(F)F)cc2)c1,-3.845098040014257
O=C(O)CO[C@H]1CC[C@H](NC(=O)[C@H](C2CCCCC2)n2c(-c3ccc(Cl)nc3)nc3cc(F)c(F)cc32)CC1,-3.9956351945975497
C=CC[C@@H]1C2C[C@H](O)CC[C@]2(C)[C@H]2CC[C@]3(C)C([C@H](C)CCC(=O)O)CC[C@H]3[C@@H]2[C@@H]1O,-2.681241237375587
O=C(/C=C/c1ccccc1)Nc1ccccc1C(=O)Nc1cccc(C(=O)O)c1,-3.716003343634799
CC(C)(C)c1ccc(C(=O)NCc2ccc(C(=O)O)cc2F)cc1,-0.8920946026904804
Cc1ccccc1-n1nc(C)c2c1NC(=O)[C@H](C)S[C@@H]2c1ccc(-c2ccoc2)cc1,-3.544068044350276
CC(C)c1onc(-c2c(Cl)cccc2Cl)c1COc1ccc2[nH]cc(Cc3cccc(C(=O)O)c3)c2c1,-3.1760912590556813
CC(C)c1onc(-c2ccccc2Cl)c1COc1ccc(COc2ccc(OCC(=O)O)cc2)cc1,-3.6720978579357175
CC[C@@H]1[C@@H]2C[C@H](O)CC[C@]2(C)[C@H]2CC[C@@]3(C)[C@@H](CC[C@@H]3[C@H](C)CCNS(C)(=O)=O)[C@@H]2[C@@H]1O,-2.447158031342219
CC(C)c1onc(-c2c(Cl)cccc2Cl)c1COc1ccc(-c2nc3ccc(C(=O)O)cc3n2C)cc1,-1.505149978319906
O=C(O)c1ccc(N2CC(O)(c3ccc(OCc4c(-c5c(Cl)cccc5Cl)noc4C4CC4)cc3Cl)C2)nc1,-0.6857417386022636
COc1cc(C(=O)O)ccc1NC(=O)[C@H](C1CCCCC1)n1c(-c2ccc(Cl)cc2)nc2cc(F)c(F)cc21,-4.017033339298781
C[C@H](C[C@H](O)C(=O)C(C)(C)O)C1=C2C[C@H](O)[C@H]3[C@@]4(C)CCC(=O)C(C)(C)[C@@H]4C[C@@H](O)[C@]3(C)[C@@]2(C)CC1,-3.3483048630481607
CC(=O)O[C@@H](C[C@@H](C)C1=C2C[C@H](O)[C@H]3[C@@]4(C)CCC(=O)C(C)(C)[C@@H]4CC[C@]3(C)[C@@]2(C)CC1=O)[C@H]1OC1(C)C,-3.322219294733919
CC(C)OC(=O)C1=CN(C(=O)c2cccc(CN3CCCCC3)c2)CC(C)(C)c2c1[nH]c1ccccc21,-2.727541257028556
CC[C@@H]1[C@@H]2C[C@H](O)CC[C@]2(C)[C@H]2CC[C@@]3(C)[C@@H](CC[C@@H]3[C@H](C)CCCNC(=O)N3CC[C@H](O)C3)[C@@H]2[C@@H]1O,-2.568201724066995
CC(=O)NCCN(Cc1ccccc1)C(=O)c1c2c(nn1C)-c1cc(Br)ccc1OC2,-3.778151250383644
COC(=O)/C=C/c1cccc(N(Cc2ccc(-c3ccc4c(c3)OCO4)cc2)C(=O)NC(C)C)c1,-1.9822712330395684
CC[C@@H]1[C@@H]2C[C@H](O)CC[C@]2(C)[C@H]2CC[C@@]3(C)[C@@H](CC[C@@H]3[C@H](C)CCC(=O)NCC(=O)O)[C@@H]2[C@@H]1O,-2.462397997898956
C[C@@H]1C[C@@H]([C@H]2OC2(C)C)O[C@H]2C[C@@]3(C)C(=C21)C[C@H](O)[C@H]1[C@@]2(C)CCC(=O)C(C)(C)[C@@H]2CC[C@@]13C,-3.513217600067939
CC(C)c1onc(-c2c(Cl)cccc2Cl)c1COc1ccc(-c2ccc3c(C(=O)O)c[nH]c3c2)cc1,-1.4065401804339552
C[C@H](CCCOS(=O)(=O)O)C1CC[C@H]2[C@H]3[C@H](CC[C@]12C)[C@@]1(C)CC[C@@H](O)CC1C[C@H]3O,-3.777426822389311
O=C(O)c1cccc(NC(=O)c2ccccc2NC(=O)c2ccc3c(c2)OCCO3)c1,-3.690196080028514
Cc1ccc2nc(-c3ccncc3)c(NCc3ccccc3)n2c1,-3.3010299956639813
CC(C)c1onc([C@H]2C[C@@H]2c2c(Cl)cccc2Cl)c1COc1ccc(/C=C/c2cccc(C(=O)O)c2)c(Cl)c1,-3.3010299956639813
Cc1ccccc1-n1nc(C)c2c1NC(=O)[C@H](C)S[C@@H]2c1ccc(-c2cccs2)cc1,-3.4149733479708178
CC(C)OC(=O)C1=CN(C(=O)c2ccc(CN3CCOCC3)cc2)CC(C)(C)c2c1[nH]c1ccccc21,-1.3617278360175928
CC(C)(C)c1ccc(C(=O)NCc2ccc(C(=O)O)c(F)c2)cc1,-2.146128035678238
O=C(O)c1ccc2nc(N3CCC(OCc4c(-c5ccccc5C(F)(F)F)noc4C4CC4)CC3)sc2c1,-1.8325089127062364
CC[C@@H]1[C@@H]2C[C@H](O)CC[C@]2(C)[C@H]2CC[C@@]3(C)[C@@H](CC[C@@H]3[C@H](C)CCNC(=O)OC(C)C)[C@@H]2[C@@H]1O,-2.4771212547196626
O=C(O)Cc1cccc(NC(=O)c2ccccc2NC(=O)c2ccc(-c3ccccc3)cc2)c1,-2.845098040014257
CC[C@@H]1[C@@H]2C[C@H](O)CC[C@]2(C)[C@H]2CC[C@@]3(C)[C@@H](CC[C@@H]3[C@H](C)CCO)[C@@H]2[C@@H]1O,-3.3010299956639813
CCOC(=O)C1=CN(C(=O)c2ccc(OC)cc2)CC(C)c2c1[nH]c1ccccc21,-1.7781512503836436
COC(=O)/C=C/c1cccc(N(Cc2ccc(-c3cccc(OC(F)(F)F)c3)cc2)C(=O)C2CCCCC2)c1,-2.621628003945102
Cc1ccc(C(=O)NCc2ccc(C(=O)O)cc2)cc1C,-2.505149978319906
COC(=O)/C=C/c1cccc(N(Cc2ccc(/C=C/c3cccc(Cl)c3)cc2)C(=O)C2CCCCC2)c1,-2.2187455122234745
Cc1ccc2nc(-c3cccnc3)c(NCc3ccccc3)n2c1,-2.716003343634799
COc1ccc(NC(=O)c2ccccc2NC(=O)c2ccc(C(C)(C)C)cc2)cc1C(=O)O,-1.6720978579357175
CC(C)OC(=O)C1=CN(C(=O)c2cccc(OCCCN3CCN(C)CC3)c2)CC(C)(C)c2c1[nH]c1ccccc21,-3.00987563371216
CC[C@@H]1[C@@H]2C[C@H](O)CC[C@]2(C)[C@H]2CC[C@@]3(C)[C@@H](CC[C@@H]3[C@H](C)CCNC(=O)O[C@H]3CCOC3)[C@@H]2[C@@H]1O,-1.9294189257142929
C[C@H](CCCO)[C@H]1CC[C@H]2[C@H]3[C@H](CC[C@@]21C)[C@@]1(C)CC[C@@H](O)C[C@H]1C[C@H]3O,-3.778151250383644
CC(C)c1onc(-c2c(Cl)cccc2Cl)c1COc1ccc(-c2nc3cc(C(=O)O)ccc3n2C)cc1,-1.41161970596323
CCOC(=O)NCC[C@@H](C)C1CC[C@H]2[C@H]3[C@H](CC[C@]12C)[C@@]1(C)CC[C@@H](O)CC1C[C@H]3O,-3.4345689040341987
COC(=O)/C=C/c1cccc(N(Cc2ccc(/C=C/C(=O)OC(C)(C)C)cc2)C(=O)c2ccco2)c1,-2.311753861055754
C[C@H](CCNC(=O)OCc1ccccc1)C1CC[C@H]2[C@H]3[C@H](CC[C@]12C)[C@@]1(C)CC[C@@H](O)CC1C[C@H]3O,-2.8976270912904414
COc1cccc(Oc2ccc([C@H]3S[C@@H](C)C(=O)Nc4c3c(C)nn4-c3ccccc3C)cc2)c1,-3.230448921378274
Cc1cccc(-c2nc3ccc(C)cn3c2NCc2ccccc2)c1,-2.255272505103306
CCC(CC)(c1ccc(OCC(=O)O)c(C)c1)c1ccc(OCc2c(-c3c(Cl)cccc3Cl)noc2C(C)C)c(C)c1,-3.531478917042255
